train_ep_lens_Average,train_ep_lens_Std,train_ep_lens_Median,train_ep_lens_Min,train_ep_lens_Max,eval_ep_lens_Average,eval_ep_lens_Std,eval_ep_lens_Median,eval_ep_lens_Min,eval_ep_lens_Max,train_returns_Average,train_returns_Std,train_returns_Median,train_returns_Min,train_returns_Max,eval_returns_Average,eval_returns_Std,eval_returns_Median,eval_returns_Min,eval_returns_Max,Train_EnvstepsSoFar,TimeSinceStart,Loss,reward_Average,reward_Std,reward_Median,reward_Min,reward_Max,eval_reward_Average,eval_reward_Std,eval_reward_Median,eval_reward_Min,eval_reward_Max,ee_pose_success_Average,ee_pose_success_Std,ee_pose_success_Median,ee_pose_success_Min,ee_pose_success_Max,eval_ee_pose_success_Average,eval_ee_pose_success_Std,eval_ee_pose_success_Median,eval_ee_pose_success_Min,eval_ee_pose_success_Max,euclidean_distance_Average,euclidean_distance_Std,euclidean_distance_Median,euclidean_distance_Min,euclidean_distance_Max,eval_euclidean_distance_Average,eval_euclidean_distance_Std,eval_euclidean_distance_Median,eval_euclidean_distance_Min,eval_euclidean_distance_Max,target_coord_Average,target_coord_Std,target_coord_Median,target_coord_Min,target_coord_Max,eval_target_coord_Average,eval_target_coord_Std,eval_target_coord_Median,eval_target_coord_Min,eval_target_coord_Max,reached_goal_Average,reached_goal_Std,reached_goal_Median,reached_goal_Min,reached_goal_Max,eval_reached_goal_Average,eval_reached_goal_Std,eval_reached_goal_Median,eval_reached_goal_Min,eval_reached_goal_Max,Initial_DataCollection_AverageReturn,step
500.0,0.0,500.0,500,500,374.0,205.76950918221803,500.0,34,500,73.46708,0.0,73.46708,73.46708,73.46708,287.793,438.18225,22.881405,4.1788964,1005.8477,4001,40.57745933532715,-0.8660289645195007,0.14693415,0.05546905,0.16069606,0.0013561352,0.1985352,0.7695,26.993134,0.021264765,0.00039533878,1000.0,0.0,0.0,0.0,False,False,0.0007292173067574137,0.02699417620296903,0.0,False,True,0.226548102318021,0.12900649853970733,0.18282405906809956,0.1616788833350222,0.6603116367462043,0.4144669708617268,0.15451920072175665,0.38507057641606185,0.09039702805552134,0.7835767508122654,0.12962429951141982,0.4718918497282821,-0.1297290798697976,-0.27321637691162803,0.7918183553156851,0.12665877925366356,0.3640776046387977,0.0055518539094346064,-0.3387241994365222,0.7599302968297746,0.872,0.3340898082851377,1.0,False,True,0.3303354399611084,0.47033385702797265,0.0,False,True,0,4000
500.0,0.0,500.0,500,500,452.7,141.9,500.0,27,500,3.2886648,0.0,3.2886648,3.2886648,3.2886648,109.82625,297.42975,7.085837,1.5370529,1001.5483,8001,121.0817883014679,-21.966861724853516,0.0065773297,0.005598168,0.007068434,0.003320004,0.10431334,0.2426027,14.860661,0.014543495,0.0001767368,1000.0,0.0,0.0,0.0,False,False,0.0002208968411751712,0.014860957094370809,0.0,False,True,0.5129380431300495,0.04065664260572169,0.4952118324120208,0.22603560598203704,0.5707789239728602,0.4682842674822662,0.15019874009613235,0.42306114862740757,0.09578903239233826,0.8640848938039202,0.10152567475610608,0.38212676928468436,-0.03362945080962787,-0.2840315335070244,0.6222380085849706,0.14717081941780635,0.381333064505118,0.05089248707347527,-0.338252470367958,0.7910245764755771,0.004,0.06311893535223802,0.0,False,True,0.16478904351667772,0.37099004656936047,0.0,False,True,0,8000
443.0,0.0,443.0,443,443,259.47058823529414,232.07963076776264,199.0,1,500,1015.957,0.0,1015.957,1015.957,1015.957,544.287,485.02625,1000.0,9.922219,1003.8078,12001,196.52436184883118,-99.53042602539062,2.2933567,47.45608,0.025652692,0.0029951779,1000.0,2.097683,45.121628,0.034126814,0.0014454012,1000.0,0.002257336343115124,0.04745777887500821,0.0,False,True,0.0020403536613012923,0.0451241688924916,0.0,False,True,0.3552536379496052,0.0607694758744452,0.366310676727882,0.0852383341290007,0.5810751690896576,0.34554557054114576,0.11522078875269619,0.33776718787231175,0.03454304365068275,0.6539368346467799,0.14544351003570014,0.307919465072729,0.07290365339172883,-0.19014012469444824,0.5535670014098198,0.1260540838817544,0.3599238849481097,-0.041445620683595474,-0.33776168630184794,0.7918071192009883,0.0744920993227991,0.26257004105815523,0.0,False,True,0.36862389480843344,0.482431672866422,0.0,False,True,0,12000
500.0,0.0,500.0,500,500,323.5,236.8500882113289,500.0,1,500,18.282015,0.0,18.282015,18.282015,18.282015,362.1041,476.00516,9.940866,3.0194993,1002.7051,16001,275.4656386375427,-168.2655792236328,0.03656403,0.009396367,0.036148578,0.027137194,0.14148647,1.1193328,33.207592,0.017231015,0.0014237486,1000.0,0.0,0.0,0.0,False,False,0.001103996467211305,0.03320809628707568,0.0,False,True,0.33241565887274305,0.014788151400863472,0.3320117637904768,0.19555512038819778,0.36068500040640916,0.43629718648502536,0.06141559206677451,0.40610443463188944,0.0511100572906424,0.6554462030313561,0.1592418229495246,0.32348591343616956,0.2584757178751423,-0.2771298010989308,0.4963795520723623,0.22211111778101703,0.33445113857060377,0.3635281888128952,-0.33446297981245,0.7913662094709935,0.016,0.12547509713086502,0.0,False,True,0.011039964672113049,0.10448963514220701,0.0,False,True,0,16000
500.0,0.0,500.0,500,500,346.61538461538464,230.07742458089007,500.0,1,500,2.7492166,0.0,2.7492166,2.7492166,2.7492166,327.6992,449.18735,30.40773,4.1050153,1000.40704,20001,351.6705768108368,-220.02752685546875,0.005498433,0.0020222357,0.00552967,0.0013885993,0.03952844,0.9454259,29.77953,0.026097845,0.0026075898,1000.0,0.0,0.0,0.0,False,False,0.000887705281846427,0.02978115614241678,0.0,False,True,0.5242196305366862,0.028336822680258437,0.5197627139358468,0.3230734885752335,0.6579459777949571,0.34785114843884557,0.10825667841911271,0.36459025659157807,0.08443389977637537,0.594932896708561,0.05464725825576017,0.37915655902871476,-0.08042669800832875,-0.32721070588026113,0.5715791786558704,0.12950421798547024,0.35001903965423803,0.06255266234042417,-0.3396088436202181,0.7629222111867209,0.0,0.0,0.0,False,False,0.3229027962716378,0.46758590700703867,0.0,False,True,0,20000
500.0,0.0,500.0,500,500,450.1,149.70000000000002,500.0,1,500,4.0159407,0.0,4.0159407,4.0159407,4.0159407,108.687035,297.17505,8.438094,1.2750535,1000.0,24001,427.92362809181213,-228.84046936035156,0.008031881,0.010557101,0.0066223387,0.005398305,0.12512377,0.2414731,14.903531,0.014889695,0.002139685,1000.0,0.0,0.0,0.0,False,False,0.00022217285047767163,0.01490380789268911,0.0,False,True,0.49539403395513043,0.031809493109608684,0.5017306749549773,0.20784518967406768,0.5221670270137398,0.4337786693369318,0.09465714658683136,0.4207085930570112,0.08773806860134205,0.6147096714479395,0.07179919560537877,0.2838070629752292,0.062377513556559405,-0.2709854272578237,0.4240055005174006,0.19414957283740225,0.35938637077727653,0.21592178655579014,-0.316466905796305,0.77616887461668,0.012,0.10888526071052962,0.0,False,True,0.011997333925794268,0.10887331125885377,0.0,False,True,0,24000
500.0,0.0,500.0,500,500,500.0,0.0,500.0,500,500,51.465218,0.0,51.465218,51.465218,51.465218,22.667976,17.116756,19.878597,1.2735639,50.53026,28001,503.99865341186523,-217.557861328125,0.102930434,0.020473938,0.10560016,0.018335316,0.29106763,0.045335952,0.037124865,0.04219777,0.0005980824,0.23357971,0.0,0.0,0.0,False,False,0.0,0.0,0.0,False,False,0.23046003846296992,0.028893267918501605,0.22480953481428134,0.12341996226831174,0.399892626398678,0.3629294655882635,0.12430441905591823,0.3165387845201004,0.14542319166364026,0.7421782075357793,0.16859042032953722,0.29535126910654097,0.08575533948600195,-0.14453726948103143,0.5645531909836411,0.16161549975089753,0.3714896713577531,0.1111299433597015,-0.31302587547355915,0.7859532229275445,0.952,0.21376622745419824,1.0,False,True,0.44155555555555553,0.4965724991515139,0.0,False,True,0,28000
500.0,0.0,500.0,500,500,247.41176470588235,220.02033564397138,87.0,2,500,59.590977,0.0,59.590977,59.590977,59.590977,596.9019,490.44635,1000.27637,0.9421593,1036.065,32001,579.4209086894989,-205.96063232421875,0.11918195,0.037934735,0.13171628,0.001365756,0.26419878,2.412585,48.700504,0.0145994285,0.0013379669,1000.0,0.0,0.0,0.0,False,False,0.0023775558725630053,0.048702187842394176,0.0,False,True,0.23800650183166291,0.11280688075958517,0.20271050527721202,0.13310534515268108,0.6596047146753923,0.42211177841534225,0.14161493809901504,0.42267729090833794,0.06999510761462588,0.6616604085281362,0.25678421998364315,0.353652147120859,0.3869710696761773,-0.2265116676365066,0.6098932579112588,0.13238006346175082,0.34403793073809485,0.07922109322235754,-0.3388240821978954,0.7520711518704872,0.92,0.2712931993250107,1.0,False,True,0.2755587256300523,0.4467953830996846,0.0,False,True,0,32000
500.0,0.0,500.0,500,500,411.90909090909093,186.9712931516759,500.0,1,500,2.1475146,0.0,2.1475146,2.1475146,2.1475146,186.6309,383.9966,2.4957561,0.75619227,1002.1588,36001,655.0326976776123,-174.85556030273438,0.004295029,0.011056658,0.002221895,0.0016018533,0.15469706,0.45308766,21.004738,0.003960799,0.00044840024,1000.0,0.0,0.0,0.0,False,False,0.0004414036636504083,0.021004971470014528,0.0,False,True,0.5834481211205559,0.05856744564392693,0.610939483455089,0.18662865161178865,0.6436594036211956,0.535144508266885,0.1239965083245709,0.5531309553539481,0.06692486217463273,0.7709824310541911,0.11164124784595922,0.4156553866678974,-0.04192521018648346,-0.30296855109465404,0.6798175048190152,0.13893838861909585,0.37757657892634033,-0.0789907908023987,-0.33134658454756594,0.7873914997870882,0.01,0.09949874371066199,0.0,False,True,0.116751269035533,0.3211236681001971,0.0,False,True,0,36000
500.0,0.0,500.0,500,500,380.1818181818182,197.23996376440837,500.0,24,500,3.5445695,0.0,3.5445695,3.5445695,3.5445695,291.88663,436.24808,30.365751,1.0739269,1004.6461,40001,729.4959969520569,-160.35443115234375,0.007089139,0.0027803972,0.0075905737,0.0027049005,0.04938187,0.7677554,26.77271,0.020925496,0.0002909273,1000.0,0.0,0.0,0.0,False,False,0.0007173601147776184,0.026773970741063878,0.0,False,True,0.499747369204503,0.03054328309758853,0.48808780165106125,0.30081718792633416,0.5912690144258848,0.38460970632579095,0.13991394704217394,0.3866787135625178,0.0869853909037964,0.814243715531917,0.15599198526442035,0.3638969056443819,-0.09220636985221731,-0.11033119731353788,0.6705135229590162,0.122173399182323,0.3470455224036216,0.08734559459206093,-0.32897325684286605,0.7817532908072417,0.0,0.0,0.0,False,False,0.26087996174079386,0.43911457195465037,0.0,False,True,0,40000
500.0,0.0,500.0,500,500,450.4,148.8,500.0,4,500,26.401508,0.0,26.401508,26.401508,26.401508,126.34613,292.43744,28.014778,3.6111054,1000.76996,44001,803.3901534080505,-144.22071838378906,0.052803017,0.027868435,0.06872654,0.002939576,0.19362661,0.28051987,14.898065,0.047376476,0.0012445638,1000.0,0.0,0.0,0.0,False,False,0.00022202486678507994,0.014898844644589359,0.0,False,True,0.3249015327221955,0.09986252323046549,0.2677619802237427,0.16418236318023557,0.58294898933579,0.34208699698173806,0.12016714193723561,0.3049629431583921,0.08554994109522031,0.6688970183137222,0.17100701610324723,0.33376736733477574,0.262396605270144,-0.27573258955536023,0.5263570325949578,0.1395981155478554,0.3567925666059394,0.16272532890143138,-0.31188566365158676,0.7831154055307556,0.666,0.471639692986076,1.0,False,True,0.4826820603907638,0.49969999896707107,0.0,False,True,0,44000
185.33333333333334,223.29402639171118,51.0,5,500,240.88888888888889,234.5105751912762,121.0,1,500,672.9578,467.11328,1000.84546,12.365782,1005.66235,569.05884,485.07312,1000.0,1.6073103,1013.8036,48001,878.6227400302887,-151.69154357910156,3.6310678,59.866028,0.021979677,0.005397175,1000.0,2.362329,47.965588,0.049843438,0.0011656935,1000.0,0.0035971223021582736,0.05986804668019151,0.0,False,True,0.0023062730627306273,0.04796826208328534,0.0,False,True,0.36638073546140004,0.059482456268535155,0.38176370613966204,0.08781931506826246,0.5221879579604517,0.3326938392632035,0.12092202766094749,0.2998868665949991,0.04535234268887946,0.6754439052661662,0.2384779346806509,0.41437648584817943,0.3997047761197344,-0.32955941063347033,0.7698796424383909,0.1179481910917884,0.35359361629726055,-0.03970144082681365,-0.3045844640722874,0.7677766863400997,0.08633093525179857,0.28085210497759905,0.0,False,True,0.5002306273062731,0.49999994681104276,1.0,False,True,0,48000
500.0,0.0,500.0,500,500,500.0,0.0,500.0,500,500,128.71725,0.0,128.71725,128.71725,128.71725,71.012985,52.980206,57.975986,7.653221,168.41266,52001,975.8983361721039,-148.531005859375,0.25743452,0.011719225,0.25759426,0.062860146,0.27734396,0.14202596,0.1084101,0.123394504,0.0021692002,0.36173102,0.0,0.0,0.0,False,False,0.0,0.0,0.0,False,False,0.1358906379660684,0.007339299172390448,0.13563696310956475,0.12824968368910192,0.2766842952538286,0.2357139383552091,0.10229125669265382,0.20923687016029383,0.10168543695484303,0.6133396706888063,0.08402329590754658,0.3903801854259028,-0.14071054525157775,-0.24032028171294884,0.6331007146871663,0.10556188075633657,0.3590253337796063,-0.09838384399609276,-0.3319304471060114,0.7168379559726828,1.0,0.0,1.0,True,True,0.7264444444444444,0.4457834828481725,1.0,False,True,0,52000
261.5,238.5,261.5,23,500,451.3,146.10000000000002,500.0,13,500,506.28702,497.86777,506.28702,8.419247,1004.1548,128.1918,292.41962,21.419975,11.644932,1002.4415,56001,1056.2366890907288,-119.1194076538086,1.9360881,43.684086,0.016879164,0.011825829,1000.0,0.28405008,14.883145,0.03987761,0.010175433,1000.0,0.0019120458891013384,0.04368512297818686,0.0,False,True,0.00022158209616662973,0.014883984598933454,0.0,False,True,0.4013857584508541,0.05689296018143984,0.4081675376483763,0.08040653080860742,0.4437469253485258,0.3013265952300878,0.0634078376467156,0.3221940324005343,0.09418214684434378,0.4587779003020447,0.1987726579829406,0.2998769103003554,0.3600624707616558,-0.3231202566389214,0.5488604738479401,0.1848236182990787,0.30650457602333236,0.19072417859923385,-0.30366274925897735,0.7182739261463031,0.045889101338432124,0.20924457392435114,0.0,False,True,0.27985818745845337,0.4489293734775243,0.0,False,True,0,56000
168.0,234.76087124277475,3.0,1,500,412.8181818181818,185.10872391495082,500.0,2,500,667.4914,470.6111,1000.0,1.9468586,1000.52734,196.22945,380.205,11.831989,0.9216925,1003.65216,60001,1133.455887556076,-108.72982788085938,3.9731634,62.86866,0.0036079828,0.003241548,1000.0,0.4753411,20.981153,0.021325959,0.0005135349,1000.0,0.003968253968253968,0.06286896634029705,0.0,False,True,0.0004404316229905307,0.020981840790931586,0.0,False,True,0.10018491303279804,0.3584581418037295,-0.11505842533289191,-0.22261889188752354,0.7418258413452765,0.1729492453558265,0.3528345489240587,0.16589231835506746,-0.30141252894688086,0.7730575431809283,0.5555300178219557,0.04485209814464297,0.5624606492729831,0.07736539939928241,0.5731704268655604,0.4217063350487469,0.15119700439113307,0.3847830181206667,0.045554758668501213,0.7574192613585178,0.00992063492063492,0.09910709320430297,0.0,False,True,0.14336049328341774,0.35044009794678593,0.0,False,True,0,60000
500.0,0.0,500.0,500,500,287.6,231.32338114999675,500.0,2,500,20.216436,0.0,20.216436,20.216436,20.216436,488.98367,485.07864,134.28633,3.2255304,1027.6301,64001,1206.5124607086182,-103.66793823242188,0.040432874,0.012388082,0.038993195,0.005884777,0.10675823,1.7002214,40.246086,0.041202977,0.0023920198,1000.0,0.0,0.0,0.0,False,False,0.0016226240148354196,0.04024911311000404,0.0,False,True,0.32642693683512874,0.03650580749778244,0.324436850068354,0.22371885346698012,0.5135386478346272,0.3332439573426077,0.14028557403850442,0.3189244703042461,0.08042042058200248,0.6035617129724096,0.07781168788242254,0.336130875210275,-0.04802287375448411,-0.2562599420103352,0.5377178794120869,0.15408480409501146,0.37175259206242794,0.1039966757237184,-0.3358520266383073,0.7915525799280723,0.216,0.41151427678757396,0.0,False,True,0.4163189615206305,0.49294774956278514,0.0,False,True,0,64000
500.0,0.0,500.0,500,500,301.6666666666667,242.9144339520034,500.0,1,500,11.71671,0.0,11.71671,11.71671,11.71671,429.03912,467.73514,109.07307,8.487617,1001.3147,68001,1280.968552827835,-95.2548828125,0.02343342,0.0072140135,0.022031065,0.0092910025,0.064533986,1.4222288,36.38627,0.053645797,0.0061096167,1000.0,0.0,0.0,0.0,False,False,0.0013259668508287293,0.03638967796971048,0.0,False,True,0.37937307262631875,0.02761177843792604,0.381530176794244,0.27405633197586127,0.46787087929447774,0.2788284262527603,0.09948152918714129,0.29253521628736745,0.06949477589267154,0.509789122718381,0.1256171738108206,0.4256782034831497,-0.017819768346644643,-0.30899654063626314,0.7036678304153696,0.15933356338363133,0.3490229590118306,0.06617972929639188,-0.30879164575340656,0.7909004208870689,0.012,0.10888526071052962,0.0,False,True,0.5197790055248619,0.4996086377760572,1.0,False,True,0,68000
500.0,0.0,500.0,500,500,409.8181818181818,191.3050007338677,500.0,3,500,32.6585,0.0,32.6585,32.6585,32.6585,195.52525,379.6217,16.189463,6.051689,1000.72064,72001,1360.6890590190887,-78.75434875488281,0.065317005,0.02612455,0.058812432,0.0037966678,0.1387708,0.47710246,21.057772,0.024289522,0.0049108085,1000.0,0.0,0.0,0.0,False,False,0.00044365572315882877,0.021058463684659832,0.0,False,True,0.28281072929512985,0.05004426583423053,0.28334021569271417,0.19749316397544148,0.5573631470414943,0.3645815587364742,0.07032225209281259,0.37177107731667935,0.060997299572146536,0.5316316716056244,0.11262113587127683,0.30354785499206316,0.2330784189927962,-0.3044400751287935,0.4092250637498278,0.16551184525949614,0.37487028585563,0.06720569645314683,-0.3306631097049406,0.7735865746040541,0.67,0.47021271782034985,1.0,False,True,0.2870452528837622,0.452382886149177,0.0,False,True,0,72000
500.0,0.0,500.0,500,500,307.57142857142856,224.74198358044603,500.0,1,500,31.94824,0.0,31.94824,31.94824,31.94824,469.47916,463.6555,113.8297,20.959543,1011.7805,76001,1437.3688206672668,-80.29856872558594,0.06389648,0.052275505,0.043249786,0.012999426,0.31177315,1.5264071,37.297436,0.12738973,0.0016829566,1000.0,0.0,0.0,0.0,False,False,0.0013934045517882026,0.03730231863494893,0.0,False,True,0.3075298170625695,0.0806030891433295,0.3140932706673209,0.11654794023660428,0.434285012195159,0.23193594566823933,0.09542593084633323,0.2060504294207366,0.04887358168765906,0.6387203183961662,0.1665721878321555,0.2720365434589314,0.06430857205896234,-0.10348510143799944,0.5388930928755036,0.14686915371851342,0.36597490831688223,0.01860767997955623,-0.3281539019833094,0.7839696837518246,0.466,0.4988426605654333,0.0,False,True,0.8495123084068741,0.35754880264391614,1.0,False,True,0,76000
500.0,0.0,500.0,500,500,302.0,226.96960148883375,500.0,1,500,69.25475,0.0,69.25475,69.25475,69.25475,499.2138,472.11884,111.86267,17.141012,1013.4509,80001,1516.7962112426758,-67.03172302246094,0.13850951,0.03862916,0.15243354,0.008263177,0.18519698,1.6530259,39.27517,0.08294153,0.001599699,1000.0,0.0,0.0,0.0,False,False,0.0015452538631346578,0.03927933367094108,0.0,False,True,0.2086892257141905,0.06208948882733998,0.1881026513712904,0.16863352223098066,0.4795946108202474,0.2588293323951641,0.09987739314437839,0.2489619383490571,0.040854578981083384,0.6437939750728959,0.0664188798277344,0.35909976909688635,-0.02532012313392823,-0.3202817664707923,0.5448585290879238,0.1680703680904838,0.37418557466248864,0.03842185661727027,-0.3345857210129432,0.7902967319372942,0.914,0.2803640490505157,1.0,False,True,0.6973509933774834,0.4594045988155979,1.0,False,True,0,80000
500.0,0.0,500.0,500,500,298.2857142857143,234.51634989344973,500.0,2,500,9.004859,0.0,9.004859,9.004859,9.004859,455.05093,475.56638,92.324646,2.4676948,1011.7748,84001,1595.0564243793488,-65.26980590820312,0.018009719,0.019148324,0.013675853,0.013467198,0.22635585,1.5255537,37.874367,0.070358,0.0032161348,1000.0,0.0,0.0,0.0,False,False,0.0014367816091954023,0.03787766185765536,0.0,False,True,0.4184342278943582,0.04281182990096519,0.42921235809029185,0.14856469417349155,0.4307498289020451,0.30742415800914186,0.13687849477484937,0.2654158967745892,0.04929236829717964,0.5739574999939658,0.25784556098760847,0.3558902029540697,0.19716900071801602,-0.14451180377527773,0.7208794860200871,0.14748247455864108,0.3826363950907139,0.04208060800672192,-0.33825709488571193,0.7975334740069828,0.05,0.21794494717703364,0.0,False,True,0.6281130268199234,0.483308444328296,1.0,False,True,0,84000
500.0,0.0,500.0,500,500,350.3076923076923,224.76530823724164,500.0,2,500,47.70298,0.0,47.70298,47.70298,47.70298,342.40735,440.59363,68.23788,3.2828212,1004.0521,88001,1676.9183866977692,-62.06149673461914,0.09540596,0.007595853,0.095452875,0.031835794,0.12276196,0.9774474,29.621122,0.08397545,0.0016983793,1000.0,0.0,0.0,0.0,False,False,0.000878348704435661,0.029623929651365923,0.0,False,True,0.23541055770325822,0.010501835244931168,0.2349122729913045,0.209750808891997,0.34471640074198123,0.29694584554614506,0.13668154273687202,0.2477230811549942,0.05603548673809048,0.6378080847999991,0.17361253229332668,0.35267328628563255,-0.04047997972679945,-0.10945781927945294,0.6707753958862326,0.11490998638021259,0.3623568395995224,0.015582737391280632,-0.3366421715149152,0.7767882985614308,0.992,0.08908422980528033,1.0,False,True,0.6460254721124287,0.4782013817361283,1.0,False,True,0,88000
500.0,0.0,500.0,500,500,323.64285714285717,236.62224480106235,500.0,1,500,59.18569,0.0,59.18569,59.18569,59.18569,381.26944,462.40408,43.91103,2.202561,1001.3376,92001,1756.0518250465393,-56.93096160888672,0.11837138,0.010421487,0.12104312,0.048919536,0.14806436,1.178056,33.198364,0.067913994,0.0021862516,1000.0,0.0,0.0,0.0,False,False,0.0011035091591260207,0.03320077448888423,0.0,False,True,0.21393741214615286,0.011442917041090656,0.211160842804078,0.19101082583582832,0.30175784787513593,0.31544050569763954,0.12955225737092277,0.2689513126452528,0.08177711948586991,0.6125566854989402,0.2881222548139343,0.35485722425132915,0.2153056742588974,-0.10547966827823113,0.7545407584611366,0.12495712718116173,0.33195442707778217,0.1652285584641443,-0.3251408093073895,0.7094827676616272,0.998,0.044676615807377355,1.0,False,True,0.6466563672478481,0.4780082739301322,1.0,False,True,0,92000
261.0,239.0,261.0,22,500,344.8333333333333,220.6621978399462,500.0,3,500,515.7975,486.0719,515.7975,29.7256,1001.8694,356.144,457.42456,48.290398,12.437908,1006.396,96001,1830.6395230293274,-64.44576263427734,1.9762359,43.72422,0.060061507,0.023784725,1000.0,1.0328003,31.073973,0.035602428,0.0016395886,1000.0,0.0019157088122605363,0.043726866706947615,0.0,False,True,0.0009666505558240696,0.03107597371808315,0.0,False,True,0.28208843805819295,0.02015906955635461,0.2812386091432678,0.08132140726384689,0.3738711692239457,0.31592552312488853,0.10372907968179075,0.33353413790354924,0.06304107706018057,0.6413309880304687,0.14299818415476925,0.3223909140255975,0.20923192889301745,-0.2806525608584469,0.7335512896119322,0.08502500735063888,0.35852079955163113,-0.0006263143728400256,-0.3364537336477294,0.7737587722282753,0.975095785440613,0.15583322706203256,1.0,False,True,0.4142097631706138,0.492585053838175,0.0,False,True,0,96000
146.75,206.51800768940222,43.0,1,500,336.7692307692308,224.76283358452915,500.0,3,500,765.7807,409.19623,1000.3092,57.041428,1005.4629,408.11963,471.3884,49.608776,5.2974033,1016.7426,100001,1914.0436692237854,-39.5260009765625,5.2182665,71.298775,0.11518497,0.0041726585,1000.0,1.2118672,33.772972,0.057980258,0.0043130135,1000.0,0.005110732538330494,0.07130647201518346,0.0,False,True,0.0011420740063956144,0.03377528198786103,0.0,False,True,0.2387124756957193,0.0770511475160834,0.2161216031972249,0.06670259998586459,0.5479201858920877,0.3014166830889543,0.09013712216526358,0.284765270175772,0.07084657626934711,0.5446118428206731,0.18511388153036323,0.39263740495665744,0.2739745020329191,-0.3302219619041505,0.6546560518698157,0.14404896427488945,0.34994431893062566,0.09360172090003399,-0.3166304750511405,0.7884144844824541,0.8841567291311755,0.3200368845355746,1.0,False,True,0.5749200548195523,0.4943551207237923,1.0,False,True,0,100000
206.33333333333334,211.24446080837768,107.0,12,500,305.46666666666664,238.36103335533315,500.0,1,500,673.6863,472.93927,1002.6267,4.878912,1013.5532,431.67862,466.6099,101.47612,11.470406,1004.52814,104001,1997.1947939395905,-37.82133483886719,3.2650383,56.74823,0.008887225,0.007332641,1000.0,1.4131773,36.159275,0.06897355,0.014003658,1000.0,0.0032310177705977385,0.05675013916074409,0.0,False,True,0.0013094718463553033,0.03616292479652201,0.0,False,True,0.4178723229214839,0.10802843051154751,0.472314045962045,0.08592422587728969,0.49154194928554507,0.2645603392246352,0.09053025610505878,0.26740322481811085,0.062250146407374765,0.4268436723416756,0.09907767061083449,0.3045635545039636,0.09574777506394183,-0.30595948303057846,0.7243668503482181,0.15549448357318837,0.335398383089301,0.08003485596191873,-0.3124405570828697,0.784387377318252,0.19547657512116318,0.39656712382655146,0.0,False,True,0.5611086861632475,0.4962516785617977,1.0,False,True,0,104000
250.5,249.5,250.5,1,500,375.5,215.64071198794227,500.0,1,500,537.4228,462.57724,537.4228,74.845535,1000.0,281.3359,415.5923,38.006546,15.399361,1000.5686,108001,2074.20884513855,-58.21529006958008,2.1454003,44.62542,0.1556598,0.006014528,1000.0,0.7492301,25.791998,0.0696746,0.009490502,1000.0,0.001996007984031936,0.04463209535927722,0.0,False,True,0.0006657789613848203,0.025794102034368195,0.0,False,True,0.07842253701348728,0.37268647871800364,-0.06885298508244114,-0.2868114759140202,0.590018954908102,0.17879179314078647,0.3701794751312578,0.0706606451919386,-0.2584895231341613,0.7623924354892124,0.1951796147228416,0.04552825940559515,0.18600824581597672,0.09858277223650838,0.5113577376476754,0.26389488240145015,0.05512264007317424,0.26639193767996433,0.057325389370829226,0.4657463736501683,0.9620758483033932,0.19101285405621146,1.0,False,True,0.8759431868619618,0.329646356345815,1.0,False,True,0,108000
500.0,0.0,500.0,500,500,453.5,139.5,500.0,35,500,6.2017756,0.0,6.2017756,6.2017756,6.2017756,128.71712,292.7109,32.44042,4.2686462,1004.34235,112001,2154.395285844803,-53.40026092529297,0.0124035515,0.008163113,0.011768379,0.01039624,0.1648096,0.28383046,14.847005,0.037595116,0.0013280055,1000.0,0.0,0.0,0.0,False,False,0.0002205071664829107,0.014847846411935988,0.0,False,True,0.4430192200384735,0.01950165247326946,0.444233907341421,0.1802964383407388,0.45663110515774596,0.333845844035787,0.12690490138815855,0.32808811400185617,0.09882626863832975,0.66240770820267,0.12662135088238297,0.34390507963816436,0.0333436506521341,-0.24011675612663505,0.58663715812165,0.13379113197111772,0.37422976173002215,-0.016124321689348048,-0.3005455094712341,0.7972406627884038,0.006,0.07722693830523132,0.0,False,True,0.46416758544652703,0.4987143852620136,0.0,False,True,0,112000
500.0,0.0,500.0,500,500,345.5833333333333,219.51175303892552,500.0,1,500,44.621017,0.0,44.621017,44.621017,44.621017,363.92212,453.9118,51.509865,4.2248893,1011.7355,116001,2232.022453546524,-38.548919677734375,0.08924203,0.0117051,0.09133713,0.033790044,0.10930046,1.0530663,31.039621,0.076460384,0.0024442617,1000.0,0.0,0.0,0.0,False,False,0.0009645526886906198,0.03104226677936648,0.0,False,True,0.2429176960167974,0.01774032519387157,0.23931979469744588,0.22136546828587234,0.33875890380654966,0.2886980909363663,0.10822177035357433,0.2570982537896863,0.06097659552195666,0.6014012149620416,0.06992869129627932,0.3980040221571733,-0.07018242583076342,-0.3321253334182669,0.6120938331378682,0.10797203479338556,0.3446162061468237,-0.03846613476693311,-0.3299312064936991,0.745918478302957,0.96,0.1959591794226542,1.0,False,True,0.6727755003617073,0.46919998558691545,1.0,False,True,0,116000
500.0,0.0,500.0,500,500,500.0,0.0,500.0,500,500,14.44389,0.0,14.44389,14.44389,14.44389,8.837554,3.5196114,9.202069,3.494145,16.420319,120001,2306.6442081928253,-46.757022857666016,0.028887779,0.015581118,0.026403617,0.02359378,0.29859993,0.017675107,0.012831128,0.015576227,0.005888321,0.2495573,0.0,0.0,0.0,False,False,0.0,0.0,0.0,False,False,0.35858675401885887,0.022231218878564742,0.3634254229710273,0.12086506261966634,0.3746772177860262,0.4193992372340683,0.053642148940624614,0.41620097063355266,0.13880666979131784,0.5134784360342535,0.13073024823780652,0.3069340879268364,0.1265160223585754,-0.24306087202193405,0.5087355943767782,0.1661310999682582,0.36970243980583584,0.016421074491975496,-0.3315251970212808,0.7889352454823029,0.032,0.17599999999999996,0.0,False,True,0.020888888888888887,0.1430123883091131,0.0,False,True,0,120000
251.0,249.0,251.0,2,500,450.1,149.70000000000002,500.0,1,500,532.0923,468.2153,532.0923,63.876972,1000.30756,128.38031,291.90897,27.674494,5.1005526,1000.0,124001,2379.9315533638,-47.61358642578125,2.1198895,44.582,0.12835297,0.05008164,1000.0,0.2852262,14.902998,0.05120218,0.0016201191,1000.0,0.00199203187250996,0.04458770774023785,0.0,False,True,0.00022217285047767163,0.014903807892689112,0.0,False,True,0.2055430906257837,0.009159839629242229,0.20529712979158787,0.09395592414108456,0.2994100768712144,0.3250643406418874,0.104274524508923,0.29719731183533227,0.08213971156627535,0.6425255636484032,0.09226931823293903,0.2433275691737441,0.01486072446361858,-0.15989626909889745,0.5621715772303474,0.13966623944390513,0.3791517054915137,0.038164238625539054,-0.3191806393862433,0.7866332012747553,1.0,0.0,1.0,True,True,0.5843145967562764,0.49283978002371776,1.0,False,True,0,124000
500.0,0.0,500.0,500,500,301.0,243.72662281061267,500.0,1,500,9.243102,0.0,9.243102,9.243102,9.243102,410.9932,481.28534,33.37317,1.3483711,1000.7084,128001,2457.5303299427032,-37.334930419921875,0.018486204,0.011576543,0.01555543,0.013594534,0.10665859,1.3654261,36.428585,0.027502911,0.0018408863,1000.0,0.0,0.0,0.0,False,False,0.00132890365448505,0.036429900762452616,0.0,False,True,0.4064258665828691,0.030741857080168557,0.4163345457194487,0.22381222503784484,0.42980874720991913,0.3969022203399256,0.1304856163622017,0.3593463439058757,0.05440811164776585,0.6297508124826918,0.18809332145297503,0.42460889682498854,-0.10190608389364192,-0.12227971503182311,0.7884657632843901,0.11188010544714384,0.38554340404584114,-0.015777286182674155,-0.3333722785018463,0.7485521740151803,0.022,0.14668333238647124,0.0,False,True,0.29324473975636767,0.4552496703585713,0.0,False,True,0,128000
500.0,0.0,500.0,500,500,469.3333333333333,86.73843182554984,500.0,224,500,43.767235,0.0,43.767235,43.767235,43.767235,140.56325,308.6647,35.922318,6.130775,1012.06116,132001,2531.4776022434235,-47.98768615722656,0.08753447,0.028806845,0.08337224,0.010995342,0.1500711,0.29949555,15.38371,0.052003466,0.008510002,1000.0,0.0,0.0,0.0,False,False,0.00023674242424242425,0.015384614953484796,0.0,False,True,0.2518697313214742,0.047196426312887535,0.2484439832316015,0.1896646118921652,0.4510283524643617,0.30290814170670405,0.07715819151217508,0.2956444917185297,0.09542614496438274,0.4766513150737482,0.07721103850363024,0.33262613132486935,-0.10360865994992485,-0.20846207166631617,0.5437038471271317,0.11813969409762212,0.3189540386350339,-0.05669542133431765,-0.30123099240197493,0.7223567677246858,0.916,0.277387815161373,1.0,False,True,0.5636837121212122,0.49592780201402564,1.0,False,True,0,132000
500.0,0.0,500.0,500,500,268.0625,238.3375937483426,369.5,1,500,8.123002,0.0,8.123002,8.123002,8.123002,521.9098,485.67545,530.0919,6.611527,1052.7693,136001,2608.5433492660522,-40.365753173828125,0.016246004,0.0148312105,0.014818258,0.008690612,0.1991511,1.9469706,43.144596,0.08082754,0.0051872577,1000.0,0.0,0.0,0.0,False,False,0.0018652366519002097,0.043148088533938755,0.0,False,True,0.4223567944843641,0.033564677283410074,0.42118952174295915,0.1613691437239685,0.47455118556191644,0.27925308719022246,0.08621825165295717,0.25154374779661953,0.06736026373463208,0.5261550073347051,0.19476971762730766,0.4031361833448542,0.18059963265892365,-0.2917316862196121,0.6954412064426114,0.15105467531878797,0.36388105507126267,0.10691205911964319,-0.3367905026319269,0.7960992575369131,0.02,0.13999999999999996,0.0,False,True,0.7460946607600839,0.435244090075189,1.0,False,True,0,136000
252.0,248.0,252.0,4,500,450.4,148.8,500.0,4,500,510.32532,490.3316,510.32532,19.993721,1000.6569,127.293434,292.0932,23.815384,3.0053167,1000.7168,140001,2678.718645811081,-28.984344482421875,2.0251007,44.497505,0.039063178,0.014709903,1000.0,0.2826231,14.898048,0.039726444,0.0027810605,1000.0,0.001984126984126984,0.04449932835715439,0.0,False,True,0.00022202486678507994,0.014898844644589359,0.0,False,True,0.32448235486540766,0.03319014600761393,0.32425827630620785,0.09273247192374043,0.4219234318042464,0.32088339513118697,0.09518660201381078,0.32257382441459714,0.09361948694021441,0.5884922930659046,0.14595156254550726,0.41510727235812617,-0.1205428836515986,-0.19998455847937144,0.7319247048389176,0.127295535891016,0.36451957030879034,-0.04910739857272742,-0.3351573367345997,0.7876981323808265,0.1884920634920635,0.39110459661395874,0.0,False,True,0.37699822380106573,0.4846344633349008,0.0,False,True,0,140000
500.0,0.0,500.0,500,500,304.4,239.74592106366828,500.0,2,500,15.968124,0.0,15.968124,15.968124,15.968124,419.88904,474.9143,60.784576,2.8200674,1004.14197,144001,2753.7813692092896,-30.61043930053711,0.03193625,0.016847737,0.02749861,0.016841397,0.31590623,1.3793991,36.223812,0.05958017,0.001071659,1000.0,0.0,0.0,0.0,False,False,0.001314060446780552,0.03622614652323317,0.0,False,True,0.3504957070755621,0.031264189027163165,0.3593620093804545,0.11523098564358057,0.4083915333273501,0.3131719435319909,0.10420190046294915,0.28204325131868924,0.04671205460451209,0.6838547286916866,0.14739309228303418,0.33189210434265876,0.12582917206000593,-0.24787888662828472,0.5642289914173813,0.16338518259900375,0.3407725479707821,0.1513087310236388,-0.3278584642353392,0.7568048297024319,0.064,0.24475293665245365,0.0,False,True,0.5470871660096365,0.4977778608949789,1.0,False,True,0,144000
500.0,0.0,500.0,500,500,323.0,224.68199749868702,500.0,1,500,6.65578,0.0,6.65578,6.65578,6.65578,409.18033,471.30203,66.644424,8.625156,1008.9674,148001,2827.7479202747345,-32.438926696777344,0.013311559,0.008407752,0.01256706,0.012553261,0.17015088,1.2668123,34.484283,0.03704079,0.0018277445,1000.0,0.0,0.0,0.0,False,False,0.0011907597046915933,0.03448683511163755,0.0,False,True,0.43551828608224447,0.01794461057634552,0.43766761697403833,0.17710697033540299,0.43777748397828387,0.30089613522828534,0.09660881279848835,0.32957356203757165,0.08791098004736918,0.6304672595917291,0.12119596447652908,0.29204547118655494,0.1532479145835267,-0.2514325066866005,0.4617724855326611,0.1533807594795919,0.37219182977931564,-0.02125074078162706,-0.3337024946506074,0.7964989358619083,0.006,0.07722693830523132,0.0,False,True,0.48225768040009526,0.4996851109400948,0.0,False,True,0,148000
500.0,0.0,500.0,500,500,322.7692307692308,225.84104479654025,500.0,6,500,66.218796,0.0,66.218796,66.218796,66.218796,417.32574,465.40198,59.649513,20.894978,1014.20856,152001,2915.626799106598,-24.804439544677734,0.13243759,0.035616245,0.12521991,0.016189126,0.20764638,1.2929538,34.495674,0.09937491,0.017042957,1000.0,0.0,0.0,0.0,False,False,0.0011916110581506197,0.034499146674036925,0.0,False,True,0.2073851031369849,0.03752370181593459,0.20776837842013568,0.1571918725839729,0.4123415515797275,0.23867805769530648,0.047663762052238025,0.2308855614051692,0.055574607978053976,0.40720182685006145,0.12031494867273938,0.3128296643837766,0.018769711503333425,-0.2018199574505692,0.5439950919654539,0.15561235649622499,0.3729773369077488,0.12334728492682417,-0.3240330773265213,0.7507291931744573,0.968,0.17599999999999996,1.0,False,True,0.872974261201144,0.3330018025198375,1.0,False,True,0,152000
500.0,0.0,500.0,500,500,321.38461538461536,228.80712013582982,500.0,1,500,14.9496975,0.0,14.9496975,14.9496975,14.9496975,399.0358,478.46024,44.20781,1.8275436,1017.9615,156001,2989.459585905075,-18.561504364013672,0.029899394,0.01884002,0.02555098,0.011387584,0.2205006,1.2416145,34.571762,0.029481288,0.0018983997,1000.0,0.0,0.0,0.0,False,False,0.0011967448539971278,0.03457329396733205,0.0,False,True,0.35998003838159864,0.035961710700928684,0.3667079673204412,0.15118548597819537,0.4475231641329446,0.3542532653867271,0.11159818521374511,0.35239995472413654,0.05360484352360539,0.62667440039286,0.07156944236120977,0.3218319700505629,-0.1316293219808725,-0.17952994502518294,0.5258675940896848,0.1524542833853089,0.35478029822514984,0.14248883659823225,-0.33351042265538305,0.7882812462034685,0.098,0.29731464814233427,0.0,False,True,0.2874581139301101,0.45257700633798653,0.0,False,True,0,156000
256.5,243.5,256.5,13,500,178.56,222.89101911023693,6.0,1,500,507.42294,494.99142,507.42294,12.431519,1002.41437,735.24646,433.93356,1000.26776,8.165756,1053.9731,160001,3064.376497030258,-17.135770797729492,1.978257,44.10676,0.0226452,0.010654806,1000.0,4.1176434,63.36651,0.07261031,0.0050335615,1000.0,0.001949317738791423,0.044108025337172535,0.0,False,True,0.004032258064516129,0.063371909860894,0.0,False,True,0.37234262788939626,0.043757588562032566,0.3787807383516313,0.09758661010405445,0.4541744209293424,0.27379881191369004,0.08213110556325794,0.26226483291585473,0.04953505076831271,0.5291627512168905,0.23114054732705736,0.25539359474123235,0.3340812006615926,-0.11689412751558409,0.6742895139331716,0.16804076693580627,0.35515290017292594,0.1510648251973034,-0.33860801888464315,0.7966409658021725,0.03898635477582846,0.1935624419073124,0.0,False,True,0.6783154121863799,0.4671226967048394,1.0,False,True,0,160000
500.0,0.0,500.0,500,500,217.21052631578948,241.46342840607917,37.0,1,500,35.572433,0.0,35.572433,35.572433,35.572433,609.7422,459.88644,1000.0,27.285503,1009.7301,164001,3142.4400968551636,-17.16537094116211,0.071144864,0.0122817345,0.07343744,0.02578349,0.116290845,2.8071485,51.551174,0.106594406,0.00823101,1000.0,0.0,0.0,0.0,False,False,0.002665374363944754,0.051558414865517155,0.0,False,True,0.26640889017991437,0.022595365406137928,0.2611321470062692,0.21516609705875858,0.36580208769217143,0.21988992531795845,0.07503851072932044,0.22387242218153525,0.05544300432296912,0.4799846571555866,0.10977341911797038,0.4841601532541481,-0.17220674010127437,-0.28959006455633446,0.79111706201152,0.14225622281247982,0.36634082849544597,-0.007522896322816913,-0.33505492900907974,0.7862150999955566,0.918,0.2743647207641683,1.0,False,True,0.9449963653985947,0.22798735662760003,1.0,False,True,0,164000
500.0,0.0,500.0,500,500,239.6315789473684,247.07365416352562,28.0,1,500,18.657206,0.0,18.657206,18.657206,18.657206,549.90393,475.4699,1000.0,5.297976,1004.22107,168001,3218.792633295059,-15.454318046569824,0.03731441,0.02862916,0.03301689,0.006593862,0.25411507,2.2947893,46.80919,0.095469296,0.0011695022,1000.0,0.0,0.0,0.0,False,False,0.0021963540522732263,0.04681378088928823,0.0,False,True,0.34020202574629693,0.04106233294339031,0.3410736050465224,0.13699681182321322,0.5021616019855926,0.25626574472700153,0.09125333093673435,0.23489505765398047,0.06830425015153213,0.6751177139757564,0.14291508590797566,0.24245004620818084,0.17680047801088367,-0.16951343469526226,0.42145821440830566,0.17044503465598604,0.34584570469534764,0.07853606227510462,-0.3384946608957578,0.7735443595516484,0.04,0.19595917942265426,0.0,False,True,0.8888644849549747,0.3142998764567085,1.0,False,True,0,168000
189.0,0.0,189.0,189,189,159.57142857142858,217.2750772262513,16.0,1,500,1021.05646,0.0,1021.05646,1021.05646,1021.05646,738.33215,420.9898,1000.5151,10.045743,1031.5897,172001,3293.765120267868,-13.411250114440918,5.4024153,72.538506,0.11281883,0.0016580386,1000.0,4.62697,66.745056,0.14300352,0.0029343762,1000.0,0.005291005291005291,0.07254660952805338,0.0,False,True,0.004476275738585497,0.06675506493216561,0.0,False,True,0.24068894228821122,0.09290453328964904,0.21819720209946292,0.07766513703697706,0.6402119922643322,0.23654004059658892,0.11641190115245247,0.19448860554133748,0.053939010173938186,0.5831260386095546,0.0708161564030892,0.3482348857842596,-0.1458031027068209,-0.20389950818422212,0.5621510801003107,0.16699471050139664,0.34057777228038316,0.12074644119770755,-0.3370773358373834,0.761488150101219,0.8888888888888888,0.3142696805273545,1.0,False,True,0.7108325872873769,0.45337580453494714,1.0,False,True,0,172000
255.0,245.0,255.0,10,500,258.6875,242.0696487454592,294.0,1,500,511.4452,490.40643,511.4452,21.038755,1001.8516,541.32855,462.36377,571.4195,30.015854,1017.2939,176001,3371.6968824863434,-10.825393676757812,2.0056674,44.235332,0.04215746,0.006564656,1000.0,2.0925965,43.914536,0.16154312,0.0040740347,1000.0,0.00196078431372549,0.04423731048109206,0.0,False,True,0.0019328340178787146,0.04392150009435067,0.0,False,True,0.3148284825100752,0.029669797122935965,0.3166343643666352,0.07811029347220436,0.5026055207878928,0.19596746995800737,0.05485925667062907,0.18229832090790665,0.0607167641427616,0.5503121429628582,0.1341255732483711,0.23371942943167143,0.16151571266100023,-0.1655452890241942,0.47743409907331036,0.15119216800267646,0.3631034171552456,0.0011953604149849417,-0.3136635699259161,0.7712030713098851,0.029411764705882353,0.1689577248981773,0.0,False,True,0.9393573326890553,0.2386736981997781,1.0,False,True,0,176000
500.0,0.0,500.0,500,500,219.47368421052633,240.43368019193383,14.0,1,500,156.71802,0.0,156.71802,156.71802,156.71802,609.71497,460.35767,1000.0,38.22178,1010.6952,180001,3449.3188223838806,-13.779369354248047,0.31343603,0.031978514,0.32000747,0.093489476,0.33680138,2.7780776,51.285435,0.143929,0.023383709,1000.0,0.0,0.0,0.0,False,False,0.0026378896882494006,0.05129260401112453,0.0,False,True,0.11689920270314601,0.015249635336657767,0.11394109111124937,0.10882619320751322,0.23699063950787747,0.2056937223716843,0.04458740558700379,0.19384351864211008,0.03602914409347269,0.37557157455396567,0.15294773415364352,0.41629966047508205,0.1193252866914643,-0.3392697831874117,0.678787698956878,0.13166579294038436,0.3729060753640366,-0.01586102934925457,-0.32456434374880566,0.7954475347760329,1.0,0.0,1.0,True,True,0.9906474820143885,0.0962551213855155,1.0,False,True,0,180000
168.33333333333334,234.52694704210194,4.0,1,500,217.21052631578948,241.5569190736514,19.0,1,500,688.21564,441.42032,1000.0,63.95318,1000.6938,612.11206,457.11203,1000.4847,41.49971,1007.3351,184001,3525.1676740646362,-12.764687538146973,4.0884104,62.798866,0.12539685,0.112036124,1000.0,2.818059,51.550587,0.113931686,0.0019956583,1000.0,0.0039603960396039604,0.06280693674120277,0.0,False,True,0.002665374363944754,0.05155841486551715,0.0,False,True,0.20545636492790356,0.014346367181446256,0.20762718444011133,0.06129876538961868,0.21889339539870006,0.20241486150555157,0.05749395624616321,0.21721562887219234,0.05077652734052633,0.6216781328885155,0.30985079450419606,0.3616216951537314,0.30159368578877194,-0.26106020398024793,0.7572633041899418,0.10373448616585644,0.3873758523167771,-0.020603658447709006,-0.33509089660776037,0.7934033149060682,1.0,0.0,1.0,True,True,0.961715531863339,0.19188217123056014,1.0,False,True,0,184000
500.0,0.0,500.0,500,500,141.03125,216.69556472950134,5.0,1,500,129.82388,0.0,129.82388,129.82388,129.82388,769.1008,408.42398,1000.3839,4.5838785,1088.6254,188001,3604.2161474227905,-10.945072174072266,0.25964776,0.015489241,0.26249444,0.070052356,0.26533157,5.4534073,72.72039,0.11973971,0.001986294,1000.0,0.0,0.0,0.0,False,False,0.005317970307999114,0.0727302516137704,0.0,False,True,0.13514543863941433,0.008970946672905577,0.1337525326247947,0.13267750200088568,0.26585124237398033,0.23018894478632557,0.10264496053972864,0.21224349655669672,0.039087108696532785,0.6221484621018932,0.12115170531001566,0.46380728350585204,-0.07064900703764951,-0.3261653530076358,0.7602694759753323,0.14643920603078425,0.36712521993930575,0.09713910860906949,-0.33506481595659915,0.7728159416217184,1.0,0.0,1.0,True,True,0.8827830711278528,0.3216785980725624,1.0,False,True,0,188000
59.3,147.341134785911,4.0,2,500,95.41666666666667,179.78376286219202,5.0,1,500,913.65234,261.96732,1000.5204,127.75562,1003.5546,868.0051,328.5884,1000.5242,32.759644,1047.3735,192001,3683.1376600265503,-10.332622528076172,15.40729,122.22823,0.24315998,0.006215794,1000.0,9.096997,94.176636,0.1317063,0.00060607004,1000.0,0.01517706576728499,0.12225678894024862,0.0,False,True,0.008951965065502183,0.09419037842034723,0.0,False,True,0.1571033643337704,0.07030119541561065,0.14140356822367822,0.0539398123053252,0.5080661780918202,0.21829194637617397,0.09524566758962227,0.20271808844972042,0.04266467645533519,0.7408515044545241,0.18784194827577327,0.36400101814529323,0.2746286039912127,-0.30864059845013386,0.7259053186147865,0.10648157305654117,0.39493681199909303,-0.11503104202128635,-0.33621562316881237,0.7978749906852851,0.9409780775716695,0.2356657274641238,1.0,False,True,0.8971615720524018,0.30374773362918267,1.0,False,True,0,192000
500.0,0.0,500.0,500,500,191.125,223.3609396805986,24.5,1,500,32.535065,0.0,32.535065,32.535065,32.535065,694.27686,439.99905,1000.3242,21.631638,1033.7075,196001,3761.6440341472626,-10.667914390563965,0.06507013,0.022722876,0.061005622,0.05680094,0.28484312,3.63258,58.948692,0.14444865,0.011429996,1000.0,0.0,0.0,0.0,False,False,0.003488118596032265,0.05895720163552778,0.0,False,True,0.2759184219925232,0.019010642697692343,0.2796789295389623,0.12558167526731634,0.28682024426364683,0.20712195536277725,0.05897898809008981,0.19348311848725194,0.05964378363051649,0.44715141173836365,0.26095200896111453,0.38229321181550696,0.1614447729396753,-0.14950723919430672,0.770918493137975,0.16548319450370216,0.409798261802506,0.17599028994879157,-0.3232245948401539,0.7997804793551856,1.0,0.0,1.0,True,True,0.8892522345759756,0.31381953074595226,1.0,False,True,0,196000
94.0,181.7544130596742,17.0,2,500,131.12121212121212,209.0272937920929,15.0,1,500,856.1656,325.60257,1001.65857,128.09929,1002.6569,775.78827,400.2101,1000.77924,25.529972,1015.1055,200001,3840.7000045776367,-10.69615364074707,9.108146,93.71424,0.3073668,0.021319726,1000.0,5.9165735,75.78056,0.13483964,0.009592478,1000.0,0.008865248226950355,0.09373716232543478,0.0,False,True,0.005777675063554426,0.07579111778047877,0.0,False,True,0.1540007051757177,0.061775193170261054,0.11797135159597799,0.07870768819170143,0.38481225487240145,0.21027115926312187,0.05591721539687455,0.20036690870069607,0.032703782306120414,0.46467760478005216,0.08606037166887902,0.2901898190330589,-0.09010469837024417,-0.2962131276652384,0.7153167910440609,0.18050640596307682,0.38142919614296344,0.2665761283425452,-0.33630523302803456,0.7939443159431937,0.9698581560283688,0.1709775225391368,1.0,False,True,0.8782066096602728,0.32704703088284126,1.0,False,True,0,200000
500.0,0.0,500.0,500,500,240.3684210526316,246.3530223771347,20.0,1,500,13.36623,0.0,13.36623,13.36623,13.36623,563.9325,461.21472,1000.0,17.585384,1004.3381,204001,3918.3931052684784,-10.209850311279297,0.02673246,0.021448096,0.024067383,0.019989312,0.33211094,2.3461175,46.734844,0.1602822,0.007676066,1000.0,0.0,0.0,0.0,False,False,0.0021896211955331727,0.04674213040238158,0.0,False,True,0.3687466372040817,0.02535415695022878,0.3726897747723956,0.11022861950531601,0.3912557577910323,0.19801278415943993,0.059491387034084034,0.1830819332632794,0.07095642228191795,0.4869648129197353,0.1845043388953862,0.3201430492324723,0.08304295790802979,-0.1468860889541929,0.6173561477323217,0.17262288755296182,0.3949942806971856,0.20701989821108563,-0.32899905056738954,0.7790819922182068,0.02,0.13999999999999996,0.0,False,True,0.8857017735931684,0.3181731318749028,1.0,False,True,0,204000
136.75,210.00997000142635,22.0,3,500,184.95833333333334,227.0136705073556,11.0,1,500,761.2781,418.07272,1000.87854,37.164795,1006.1904,689.88794,443.4893,1000.1227,22.722486,1017.0074,208001,3998.2568986415863,-10.235235214233398,5.5669327,73.84767,0.07220444,0.011480904,1000.0,3.729964,59.920967,0.114985585,0.0011637341,1000.0,0.005484460694698354,0.073853783827145,0.0,False,True,0.003604415408875873,0.059928487369832154,0.0,False,True,0.2553857233976628,0.03562141813410658,0.2628253691459736,0.07533991064349968,0.4467070138955864,0.22358048558218369,0.06604767583340429,0.216294851270257,0.0447648625046103,0.6756121342783474,0.08274808496771031,0.273812667650929,-0.10455410616171862,-0.2576989390502522,0.7390176357813448,0.1526035102761778,0.3338970735324448,0.13894804417256995,-0.32899519773111047,0.7972738830299833,0.9817184643510055,0.13396761214304398,1.0,False,True,0.8062626717729219,0.39522547473374176,1.0,False,True,0,208000
129.25,214.0880367979491,7.5,2,500,258.0,233.29702098398084,304.5,1,500,757.49554,420.97665,1000.31464,28.342785,1001.0102,593.64496,475.97177,1000.1581,3.711963,1056.3378,212001,4077.5564744472504,-10.932199478149414,5.860701,75.949745,0.050299082,0.013844156,1000.0,2.3009496,46.636444,0.13756905,0.0038490552,1000.0,0.005802707930367505,0.07595417375656428,0.0,False,True,0.002180232558139535,0.046642031946860577,0.0,False,True,0.29169196850018003,0.03666382977072188,0.2989768457331716,0.0841813051887256,0.4279892090638355,0.2514165212977287,0.12062921847115868,0.1983632103760866,0.027461838038769476,0.5559927561025407,0.11471658690311862,0.4503846358821508,-0.14444987301518666,-0.310639237452546,0.78092338932156,0.11744324199364564,0.3361204542890896,0.03172361208360483,-0.33697568407111916,0.7872236328240773,0.9477756286266924,0.22247918196534794,1.0,False,True,0.8536821705426356,0.35342456371940245,1.0,False,True,0,212000
262.0,238.0,262.0,24,500,199.14285714285714,236.14892107560027,24.0,1,500,517.25793,486.02792,517.25793,31.230019,1003.2859,658.5573,438.13312,1000.773,74.996895,1005.68005,216001,4153.37268781662,-10.000123023986816,1.9742671,43.640648,0.049484152,0.009188453,1000.0,3.3069592,55.656693,0.18437365,0.010417974,1000.0,0.0019083969465648854,0.043643498572630814,0.0,False,True,0.0031085604973696795,0.05566774064935519,0.0,False,True,0.2866651395532206,0.047826701280578046,0.3006102826712126,0.09298078706606949,0.46898077164723656,0.166375488302955,0.03626882016722056,0.1690790917220933,0.06744083490129994,0.4564222713091029,0.031673208937997334,0.41637107233500037,-0.18568925653214144,-0.3398184070006998,0.6193161090864959,0.10172600203938491,0.40780237804332575,-0.08855005805334887,-0.3387024404383557,0.7884155706567673,0.16984732824427481,0.3754986196147149,0.0,False,True,0.9899569583931134,0.09971047548863159,1.0,False,True,0,216000
46.333333333333336,136.92414769580355,3.0,1,500,132.34375,212.78357687081373,4.5,1,500,921.9927,260.91476,1000.31256,56.640877,1002.83997,769.06323,404.10318,1000.5167,4.9227676,1028.1322,220001,4231.600097179413,-10.985275268554688,19.899122,139.24156,0.11373841,0.022160899,1000.0,5.811104,75.05543,0.16212037,0.0070544835,1000.0,0.019784172661870502,0.13925788729531913,0.0,False,True,0.005667060212514758,0.07506626833047243,0.0,False,True,0.11231185382908371,0.31039069378467377,0.03660545252395095,-0.3033775666725798,0.7811040427329012,0.13283618181024986,0.38321993835791507,0.07186367663850513,-0.33898209618143316,0.7863365534961961,0.21431333617178971,0.02963768878583863,0.21738541379022663,0.050876534242938073,0.3809425829462799,0.22096808691491238,0.0971835403846798,0.1819416177288204,0.06115625078033625,0.49540918843632037,0.9838129496402878,0.12619441255604139,1.0,False,True,0.876741440377804,0.32873376325235826,1.0,False,True,0,220000
500.0,0.0,500.0,500,500,125.5,208.24889661454745,6.5,1,500,90.819916,0.0,90.819916,90.819916,90.819916,784.6579,391.28574,1000.5024,20.448296,1012.7727,224001,4313.456037044525,-9.819429397583008,0.18163984,0.05624921,0.22499628,0.05607867,0.25329968,6.252255,77.80882,0.14927332,0.008631526,1000.0,0.0,0.0,0.0,False,False,0.006093273962971643,0.07782124372807091,0.0,False,True,0.1764490040976976,0.03600427041241317,0.14916714220233723,0.13731820222597263,0.28809997903232465,0.20091459843065015,0.07666277422122568,0.19019763271269796,0.053302137664823473,0.4752334007522214,0.03649688333847652,0.3373246193811845,-0.07799410611464767,-0.3073195975216841,0.49480435365176134,0.0854997791563138,0.34196295154537903,-0.038756292545857884,-0.32521420398951845,0.7977586139724361,1.0,0.0,1.0,True,True,0.9165690180454652,0.27653255360741325,1.0,False,True,0,224000
89.0,36.0,89.0,53,125,276.1333333333333,240.39963024560214,500.0,1,500,1007.38794,1.5163269,1007.38794,1005.8716,1008.90424,488.06686,481.2976,68.49782,9.329762,1013.1149,228001,4391.153079986572,-10.526323318481445,11.318966,105.3938,0.048453093,0.0022031728,1000.0,1.7675043,41.07175,0.0785505,0.0010286858,1000.0,0.011235955056179775,0.10540260134434673,0.0,False,True,0.0016900048285852245,0.04107491585219115,0.0,False,True,0.3106383354541125,0.11775435401615028,0.302716223888448,0.07782673908607193,0.6117856800219802,0.2750661433440097,0.07296938974062862,0.2544013466462542,0.06010601911682315,0.6879473216489571,0.27337422851174703,0.4488346954349802,0.3761420047522153,-0.33544896048366557,0.7892472480728512,0.2246738118541906,0.3692113427708869,0.22840945118372713,-0.3346209912066634,0.7792935009873967,0.47752808988764045,0.49949475798640974,0.0,False,True,0.7088363109608885,0.45429879509442583,1.0,False,True,0,228000
176.33333333333334,228.87599747946967,17.0,12,500,244.76470588235293,241.6500944880634,103.0,1,500,677.84985,457.96393,1001.33636,30.191189,1002.022,564.7085,463.94623,1000.0,23.861092,1008.1577,232001,4472.311940908432,-9.969694137573242,3.844139,61.367306,0.055645064,0.019169047,1000.0,2.3071485,46.450443,0.14759122,0.008478056,1000.0,0.003780718336483932,0.061371202573716165,0.0,False,True,0.0021629416005767843,0.046457112310272566,0.0,False,True,0.2806556749902865,0.03287066690023244,0.28887619175914686,0.07220486785748384,0.3954458406063806,0.2071625300152928,0.058493608587310834,0.1913308862804556,0.03669653197397726,0.47702741318795844,0.2414085047353765,0.3511672134234587,0.32954281555821124,-0.225806534442062,0.7622409616099551,0.17901055609005243,0.40166830196128983,0.10665211853246742,-0.3310799713585691,0.7976995843754694,0.9584120982986768,0.19964555625759448,1.0,False,True,0.8990627253064167,0.30124564938105813,1.0,False,True,0,232000
250.5,249.5,250.5,1,500,223.73684210526315,240.01246505025816,11.0,1,500,559.93256,440.06747,559.93256,119.86508,1000.0,611.1104,463.4354,1000.0,17.9278,1057.458,236001,4548.6624801158905,-11.143773078918457,2.23526,44.621418,0.25011456,0.004228421,1000.0,2.73138,50.795597,0.12856066,0.0043049674,1000.0,0.001996007984031936,0.04463209535927722,0.0,False,True,0.00258762644083745,0.05080286045332614,0.0,False,True,-0.009977869646745203,0.3519261633433865,-0.194148453622767,-0.31886014707303517,0.6693024352384098,0.13239399364091528,0.33353969617874923,0.062270937969104656,-0.3285947930733289,0.7012195641287969,0.15007594290808876,0.05759360107512433,0.13858362676008715,0.05885531793465194,0.5465926621798971,0.21255416238624536,0.06682415148988904,0.20513543807648785,0.0479785781857627,0.5447985684157189,0.9680638722554891,0.17583006423589015,1.0,False,True,0.8772053634438955,0.3282013311812715,1.0,False,True,0,236000
48.25,76.6465100314424,4.5,3,181,215.78947368421052,242.40062075380143,15.0,1,500,1003.91095,5.5019665,1000.82336,1000.55835,1013.4388,598.968,472.58188,1000.5149,1.1932764,1002.19055,240001,4625.392678976059,-11.732860565185547,20.806444,142.45172,0.041970022,0.008512858,1000.0,2.7757056,51.72272,0.04168611,0.0012916792,1000.0,0.02072538860103627,0.14246349310743545,0.0,False,True,0.002682926829268293,0.05172744661103121,0.0,False,True,0.2892551346654114,0.09120535566651702,0.31707996425726687,0.08285224608040974,0.4766177501272962,0.3243387600311442,0.16219197219954412,0.3177587211564826,0.03454832516220664,0.6651812160826903,0.20607114701379217,0.3703397815485249,0.07775274987926373,-0.33630117657850706,0.7947870394820497,0.15628119136802543,0.37889998015420245,0.14389961821418196,-0.3397600379709496,0.7828751599162276,0.40932642487046633,0.4917095715696704,0.0,False,True,0.42390243902439023,0.49417523330653,0.0,False,True,0,240000
187.33333333333334,221.23943791487287,41.0,21,500,249.8235294117647,239.5508629017124,189.0,1,500,689.12476,445.43686,1003.26825,59.182644,1004.9234,567.5128,463.0179,1000.0,0.5147703,1017.49835,244001,4705.5770037174225,-11.018677711486816,3.678602,59.54161,0.13960528,0.011036073,1000.0,2.271655,45.97845,0.13531618,0.0008684923,1000.0,0.0035587188612099642,0.059548756336944876,0.0,False,True,0.0021191429244172355,0.04598534720629092,0.0,False,True,0.21910732583388584,0.04268043964314769,0.1968936355369845,0.09579589447938869,0.45065860191912865,0.288082642880072,0.21608096569877572,0.20001411503481883,0.06294354882907247,0.7048751855194931,0.26997099028583976,0.36243315362019973,0.3870677802488342,-0.24496118123786315,0.712503376076127,0.1059907174431296,0.3583350116318831,-0.023902596678079424,-0.33383059293892076,0.7513998444767124,0.9893238434163701,0.10277244895511493,1.0,False,True,0.7492347539439604,0.4334536162341866,1.0,False,True,0,244000
133.75,211.75501765011379,17.0,1,500,323.35714285714283,237.00048437046863,500.0,1,500,755.86304,425.42105,1000.2891,19.016617,1003.8575,398.35443,450.6599,121.23421,13.088946,1001.2383,248001,4786.8227891922,-10.50621223449707,5.651314,74.66955,0.03716569,0.02740565,1000.0,1.2319331,33.21135,0.104183875,0.0014418601,1000.0,0.005607476635514018,0.07467283871191842,0.0,False,True,0.001104484205875856,0.03321542293144598,0.0,False,True,0.31996838369676217,0.03773357388101256,0.32923692361572365,0.07942463067893021,0.3597006105765278,0.24936242416089324,0.10086944153457063,0.2261597927057529,0.07577685378074508,0.6541821235967563,0.09215286884531919,0.2983818240082137,0.10234426019748216,-0.2719832100264609,0.7093989596542983,0.14270003191573077,0.3736022906489318,-0.036471998268692934,-0.3227587779265833,0.7714394379300036,0.07476635514018691,0.26301396784056624,0.0,False,True,0.552242102937928,0.49726327300598316,1.0,False,True,0,248000
87.71428571428571,169.79122834967004,8.0,1,500,342.8333333333333,223.69355278048482,500.0,1,500,879.8589,301.5013,1000.76355,141.4146,1013.4827,369.64896,451.6565,67.90277,17.242493,1029.6368,252001,4883.020115852356,-11.196739196777344,10.030964,98.343475,0.28786266,0.0134940315,1000.0,1.0782179,31.163157,0.113715194,0.013168206,1000.0,0.009771986970684038,0.0983691783097166,0.0,False,True,0.0009722897423432182,0.031166398492609836,0.0,False,True,0.1414350597645666,0.05030845165631222,0.12452717762798343,0.058898504879290645,0.4305507809035408,0.24571330914617695,0.07080749748476386,0.2174058262221522,0.0719098975172065,0.4329949952421155,0.1366369337377783,0.3971777001776992,-0.06549225132531858,-0.2598136758176747,0.7584381366725887,0.08364141220307898,0.3640421272464387,0.018126334487913398,-0.3347673735518632,0.7352269908466749,0.9723127035830619,0.1640753181744857,1.0,False,True,0.7105007292173068,0.45352998026479147,1.0,False,True,0,252000
500.0,0.0,500.0,500,500,196.47619047619048,238.31304323507706,16.0,1,500,7.4253926,0.0,7.4253926,7.4253926,7.4253926,658.35565,438.81357,1000.0,9.11382,1013.2566,256001,4959.611095428467,-11.817258834838867,0.014850785,0.014065213,0.012917556,0.012275878,0.23252068,3.3508162,56.031902,0.25514913,0.0017774216,1000.0,0.0,0.0,0.0,False,False,0.003150751333010179,0.05604305576115307,0.0,False,True,0.42948200433096906,0.028242729329028184,0.4349167919892637,0.14587761223610893,0.4400119073617212,0.18841368956891205,0.09552377538658717,0.13659071527111133,0.05211612517586933,0.6332591500199763,0.2618898706011921,0.31450755790549195,0.2720986523091448,-0.12830456368619217,0.6418755231806239,0.1054933457183201,0.3565377346243332,-0.055288855169800755,-0.33482889355616174,0.7526059022049513,0.016,0.12547509713086502,0.0,False,True,0.8754241396025206,0.33023736221649286,1.0,False,True,0,256000
167.0,0.0,167.0,167,167,247.66666666666666,228.2909936414001,123.0,5,500,1004.20685,0.0,1004.20685,1004.20685,1004.20685,575.4808,481.3327,1000.819,6.435489,1022.20355,260001,5033.526022195816,-12.793560981750488,6.0132146,77.14836,0.004542078,0.00135873,1000.0,2.3236103,47.305073,0.06844475,0.00043281584,1000.0,0.005988023952095809,0.07715029177679715,0.0,False,True,0.0022431583669807087,0.04730884280471625,0.0,False,True,0.4767110155332995,0.12495982631264196,0.5394370709168462,0.07712211027120737,0.6601204806784835,0.2885404793907845,0.09838502205440149,0.268172838991016,0.04317847419522246,0.7745198233211654,0.2076237497783627,0.2625421261849275,0.26429626633133985,-0.13849186816960926,0.4970668511733575,0.15105723183670852,0.3431582673820316,0.12130299368478287,-0.3318956019220871,0.7709428342166201,0.11976047904191617,0.32468123860421455,0.0,False,True,0.6446837146702558,0.4786090499658527,1.0,False,True,0,260000
259.5,240.5,259.5,19,500,215.78947368421052,233.79671308017018,53.0,1,500,529.0164,474.17172,529.0164,54.844707,1003.1881,672.41565,439.36703,1000.3383,47.995697,1058.6046,264001,5113.397173404694,-11.750662803649902,2.038599,43.847916,0.10933714,0.02996146,1000.0,3.116073,54.010735,0.21077101,0.008778387,1000.0,0.0019267822736030828,0.043852819563549306,0.0,False,True,0.002926829268292683,0.05402094907280829,0.0,False,True,0.22000483808084148,0.01643368640874529,0.22133191158246945,0.09722349456583708,0.35078433887232374,0.17388853138084548,0.04389757482474907,0.15569829723767847,0.08190850448656566,0.47354626118742305,0.11069824358186876,0.3397817402121544,0.0868041340961983,-0.2996849349701965,0.5394595054952112,0.11436926435002237,0.38036406824903396,-0.012516452759917446,-0.3303528544531861,0.7902804664568781,0.9961464354527938,0.06195736104359739,1.0,False,True,0.99,0.099498743710662,1.0,False,True,0,264000
500.0,0.0,500.0,500,500,218.38095238095238,226.29573490719662,108.0,1,500,98.315254,0.0,98.315254,98.315254,98.315254,647.13226,459.1259,1000.0,5.4309435,1033.4001,268001,5194.755057811737,-10.626334190368652,0.19663051,0.022280231,0.1946519,0.052539464,0.34728238,2.9633183,53.15975,0.079864874,0.00071448827,1000.0,0.0,0.0,0.0,False,False,0.0028347143480157,0.053166519000032844,0.0,False,True,0.1632758910771266,0.011694171058653807,0.16365423892405684,0.10576170774451633,0.29461907034447987,0.24223467495427176,0.09940754580012304,0.2527419120271168,0.04344778817598633,0.7243943990185211,0.09700003935715128,0.2607476373101119,-0.06898241486751419,-0.10517774343758174,0.46516027637654966,0.1431288974698261,0.3609478775405954,0.10288533784734205,-0.31846594087169405,0.7935533072328735,1.0,0.0,1.0,True,True,0.8013519406890537,0.39898246558331496,1.0,False,True,0,268000
130.5,213.38287185245213,9.5,3,500,188.08333333333334,224.57847861172172,31.5,4,500,760.14966,417.00552,1000.7571,37.875015,1001.20953,704.6917,423.0379,1000.7411,35.35446,1012.06854,272001,5272.757365942001,-12.37299919128418,5.824902,75.58574,0.073279485,0.012300924,1000.0,3.7466996,59.418354,0.21958226,0.0017697824,1000.0,0.005747126436781609,0.07559164619520634,0.0,False,True,0.003544528134692069,0.059430332785493006,0.0,False,True,0.25792508739727776,0.03018190444781927,0.2613476866496283,0.06820186463910709,0.43980809009852634,0.17820603875946123,0.07130624788958485,0.15160283125995266,0.05625970887112679,0.6336898676230296,0.22065971766964418,0.41806624846800783,0.0962551833574446,-0.23105712030734965,0.7946726502119972,0.12420779410403981,0.33892246256387953,0.09228633158825017,-0.33865986942648835,0.7989118568031282,0.9885057471264368,0.10659331604018046,1.0,False,True,0.9211342490031015,0.2695291158976962,1.0,False,True,0,272000
500.0,0.0,500.0,500,500,181.7826086956522,232.61219014035004,21.0,1,500,76.4263,0.0,76.4263,76.4263,76.4263,688.004,430.34683,1000.0,7.8406034,1006.43787,276001,5348.848433256149,-11.84858512878418,0.1528526,0.03209333,0.15709667,0.0077946456,0.18624192,3.7847624,59.777763,0.19541359,0.0027123003,1000.0,0.0,0.0,0.0,False,False,0.0035876584549150922,0.05978952384595457,0.0,False,True,0.1929331706819352,0.04072403806043205,0.1850893923236991,0.16807088049642244,0.485431824356258,0.1896280886576636,0.10145440292947115,0.16326370173971083,0.05026869922605026,0.590995819326379,0.03551896864995381,0.2951490707386035,0.015798258780754387,-0.31569931208707264,0.40645795925617967,0.1119909815402921,0.37621784641787537,-0.0294095549648605,-0.33363625692819127,0.7505616334559515,0.956,0.20509509989270833,1.0,False,True,0.8799330303755083,0.32503983206629167,1.0,False,True,0,276000
120.2,191.25522215092587,24.0,2,500,140.5,217.31509381540897,7.5,1,500,818.48193,375.41504,1000.7415,67.81871,1021.42645,753.0529,411.9834,1000.2696,27.53985,1011.7256,280001,5425.242082834244,-12.265892028808594,6.8093333,81.297195,0.1363986,0.020833224,1000.0,5.359807,72.04686,0.1279005,0.024174457,1000.0,0.0066555740432612314,0.08130976188266632,0.0,False,True,0.005219454329774615,0.07205700261788588,0.0,False,True,0.19244152164886988,0.035764679927720436,0.19921738152260332,0.08928893772822774,0.3871206283731686,0.20704067091086673,0.05208159972483059,0.20565026427218128,0.06732199490655914,0.3722458700237197,0.12182334103221588,0.45706649386186016,-0.18849682852869856,-0.33452670348745134,0.7855876102851324,0.14938651827145985,0.4111333505201751,-0.02128402299397178,-0.33215019336435947,0.7938391388342815,0.9866888519134775,0.11460349655722171,1.0,False,True,0.9179122182680901,0.27449841132918085,1.0,False,True,0,280000
500.0,0.0,500.0,500,500,209.1,238.3247574214647,15.5,2,500,65.93957,0.0,65.93957,65.93957,65.93957,633.9992,452.24323,1000.78394,20.742184,1015.72974,284001,5503.767350196838,-12.601690292358398,0.13187914,0.010748159,0.13241193,0.08229975,0.2493006,3.0320385,53.48162,0.11855361,0.015772458,1000.0,0.0,0.0,0.0,False,False,0.0028694404591104736,0.05349024930360761,0.0,False,True,0.2028585302929742,0.007114683444288624,0.20218375191986562,0.13890958842428616,0.2497387264279377,0.20132424533412355,0.06698682577341321,0.21323900463503803,0.06631783090171484,0.4149490013718318,0.2612813657469835,0.3729375602061836,0.24127643621499,-0.18514084872185926,0.72770850974782,0.12847755653005857,0.3389022581951056,-0.02017719630723233,-0.3395155300316767,0.7745078186420523,1.0,0.0,1.0,True,True,0.8890483022477284,0.31407231415417725,1.0,False,True,0,284000
500.0,0.0,500.0,500,500,189.04545454545453,235.35784693887408,18.5,1,500,113.996994,0.0,113.996994,113.996994,113.996994,665.99066,444.9023,1000.4904,39.161415,1005.64404,288001,5580.639501333237,-13.786614418029785,0.227994,0.013314375,0.23003888,0.096158616,0.24381322,3.5229125,57.912136,0.13478366,0.0031247656,1000.0,0.0,0.0,0.0,False,False,0.003366193796585718,0.057921175194479146,0.0,False,True,0.14808394065279382,0.0075874479235176874,0.14695069305670516,0.14113528576771064,0.23417562224045851,0.20065143069897928,0.05973497450491091,0.20040843805085098,0.036227870723073756,0.5768396015352445,0.16272950912835293,0.3559815074204585,-0.07156096083417238,-0.10602062020766559,0.6657701084268968,0.14227734507471287,0.3737873973729592,-0.044651534934086134,-0.33290579150548333,0.763816257848531,1.0,0.0,1.0,True,True,0.9480644385669632,0.22189695557098585,1.0,False,True,0,288000
108.0,196.24678341313012,5.0,3,500,164.42307692307693,224.5309937620268,15.0,1,500,811.2028,383.33786,1000.55774,44.557945,1009.5208,714.02435,432.2033,1000.64746,42.36606,1008.5456,292001,5656.340987443924,-13.107263565063477,7.5111375,85.738,0.08669884,0.020088775,1000.0,4.342604,64.74324,0.12830839,0.0077683674,1000.0,0.007407407407407408,0.08574694002066834,0.0,False,True,0.004210526315789474,0.0647518168388619,0.0,False,True,0.23462773172549392,0.04200346852983672,0.24453147916604767,0.06815438033987518,0.3907594030394512,0.20703727685491924,0.037435158157173284,0.20533186749636528,0.06583743581273307,0.48576952786655575,0.24887022056196767,0.3435513276633022,0.25116471428871384,-0.32977199588100614,0.6856157196198056,0.13850201150902933,0.36462563139295423,0.05791064402276125,-0.313670476213894,0.782543467428671,0.9648148148148148,0.18424762665681585,1.0,False,True,0.9766081871345029,0.15114442085754487,1.0,False,True,0,292000
167.33333333333334,235.23085587472477,1.0,1,500,132.41935483870967,211.96724856472497,8.0,1,500,679.33905,453.48303,1000.0,38.017204,1000.0,796.55756,391.76328,1000.6027,15.829662,1149.1398,296001,5731.371688127518,-13.176834106445312,4.0597954,62.98879,0.07614207,0.05210635,1000.0,6.0154166,76.22586,0.15056412,0.0056858035,1000.0,0.00398406374501992,0.0629935788878163,0.0,False,True,0.00584652862362972,0.07623874819724415,0.0,False,True,0.27922358249469226,0.3067309985757068,0.298901692705696,-0.23032718684069264,0.6451846446627942,0.13646639071923858,0.35726800848632173,0.01797514886485621,-0.3379399362459771,0.7862059680771111,0.257209702601721,0.012764697340882621,0.2575154342223551,0.08182653899468019,0.2954468416676681,0.20575553367093766,0.08709525132595554,0.18933662864204576,0.03526783531956036,0.5169782867846823,1.0,0.0,1.0,True,True,0.7724725943970767,0.4192358349455901,1.0,False,True,0,296000
500.0,0.0,500.0,500,500,212.9,235.90122933126062,38.5,1,500,17.82809,0.0,17.82809,17.82809,17.82809,630.5165,457.7637,1000.20905,24.852367,1021.7307,300001,5807.350617408752,-13.73216438293457,0.03565618,0.030492641,0.023077212,0.019734971,0.26439053,2.9615617,53.004536,0.13321859,0.022778664,1000.0,0.0,0.0,0.0,False,False,0.0028182245185533112,0.05301209417780378,0.0,False,True,0.3515899573537089,0.052204418219588135,0.37689097655799536,0.13303280324762476,0.392536300096477,0.2124997044115982,0.06557321146318981,0.20157649904222297,0.057863990609376144,0.37819310166361153,0.2350500891204285,0.34559840381361673,0.2915309215283458,-0.21362441437387,0.6272437602068097,0.12428253118422146,0.38235690506143105,-0.004565845883873848,-0.33292791177504694,0.7863511502179782,0.116,0.3202249209540069,0.0,False,True,0.8013151714419915,0.39901023477961467,1.0,False,True,0,300000
143.0,206.38677283198166,31.5,9,500,172.375,231.75360703773308,13.5,1,500,758.04346,426.15186,1002.00116,19.94065,1008.2308,694.0319,435.45917,1000.40027,13.370802,1005.87726,304001,5888.395212173462,-13.838129043579102,5.301003,72.226456,0.038226053,0.030026894,1000.0,4.026291,62.05933,0.16322821,0.021304937,1000.0,0.005244755244755245,0.07223051839200559,0.0,False,True,0.0038675368624607204,0.062069147094818596,0.0,False,True,0.30704996897652764,0.0536271978336364,0.3264237979294585,0.0896566300341455,0.3505661803462447,0.20878561700916184,0.07997015603222159,0.18126059443380865,0.04950248773209793,0.38488164460624824,0.21032471935956562,0.30078992993761555,0.3734400312455905,-0.19897426982255628,0.7441586835239515,0.13433161541239622,0.3990476398529164,0.08719916076037854,-0.3329783466262855,0.7957243201696771,0.13111888111888112,0.3375303247606263,0.0,False,True,0.8752719361856418,0.33041031144847705,1.0,False,True,0,304000
500.0,0.0,500.0,500,500,304.2,239.8530661328584,500.0,4,500,15.735072,0.0,15.735072,15.735072,15.735072,443.37177,455.86426,94.02989,39.392197,1002.81445,308001,5967.248891830444,-13.297710418701172,0.031470146,0.013074201,0.030136324,0.016312,0.21762429,1.457501,36.232895,0.14062448,0.018697036,1000.0,0.0,0.0,0.0,False,False,0.0013149243918474688,0.03623803755298006,0.0,False,True,0.348519830919705,0.017358603178978693,0.35020240051168117,0.1524985106334426,0.4115854316399819,0.20084080847359145,0.03743366659545117,0.19616622644856355,0.052483918036764374,0.3979390247004589,0.21856894839476113,0.352027660812657,0.37922000919876236,-0.26983578812139386,0.5463226241069149,0.18035885730258738,0.40008719460536013,0.08049394201889398,-0.3350838424820987,0.7917350688573837,0.014,0.11749042514179611,0.0,False,True,0.9894806048652203,0.10202322020392281,1.0,False,True,0,308000
500.0,0.0,500.0,500,500,344.3333333333333,220.87603360759223,500.0,3,500,121.368164,0.0,121.368164,121.368164,121.368164,399.82236,427.69785,128.06584,45.16938,1007.3607,312001,6044.592010498047,-14.463186264038086,0.24273632,0.010403994,0.24202764,0.20993443,0.34663704,1.1611491,31.092594,0.19756739,0.008739622,1000.0,0.0,0.0,0.0,False,False,0.000968054211035818,0.031098506106890637,0.0,False,True,0.1416549839480707,0.003760859320800788,0.14187033731129997,0.1059477080839034,0.15609600685673658,0.17580240101864886,0.05394328889781439,0.16216755368787877,0.06298088604592927,0.4739888280213254,0.18440941759346324,0.3598966384592238,0.01837324369287871,-0.14924068152126557,0.6840956906087766,0.14538025209900474,0.3832820756778144,-0.053213248304853744,-0.28203462099421567,0.7783736183379987,1.0,0.0,1.0,True,True,0.9760406582768635,0.15292250216148853,1.0,False,True,0,312000
254.0,246.0,254.0,8,500,241.47368421052633,245.3129834187237,24.0,1,500,529.91846,470.89557,529.91846,59.022877,1000.814,560.757,465.20676,1000.0,3.6921005,1003.42914,316001,6123.695568561554,-13.334064483642578,2.086293,44.318905,0.116399005,0.054187626,1000.0,2.3222282,46.6287,0.15136969,0.0014447236,1000.0,0.001968503937007874,0.044324134839361026,0.0,False,True,0.002179598953792502,0.046635268865882276,0.0,False,True,0.21417926661424752,0.012456848846998877,0.21507313398002384,0.09451793414085052,0.2915302701534209,0.2432786243769663,0.12889175914997736,0.18880301382089237,0.060843171348817754,0.6539837303458006,0.22886048019238223,0.37190997326561614,0.3812698456893851,-0.28569927237055553,0.7297509036583185,0.17238363648764166,0.37684259696402794,0.024567907721683074,-0.3334648332222127,0.7646900980288012,1.0,0.0,1.0,True,True,0.6874455100261552,0.4635344439963815,1.0,False,True,0,316000
287.5,212.5,287.5,75,500,191.6086956521739,229.70448674053685,17.0,1,500,572.4493,436.44232,572.4493,136.00699,1008.8916,675.6971,449.63757,1000.556,13.2515545,1027.7861,320001,6200.814981937408,-13.210786819458008,1.9911277,41.656124,0.2709688,0.053286087,1000.0,3.526442,58.234543,0.110465035,0.0006293329,1000.0,0.0017391304347826088,0.04166660365464674,0.0,False,True,0.0034036759700476512,0.05824166000328778,0.0,False,True,0.14136448945769736,0.03131988997467809,0.13057516090370191,0.08171345333230594,0.29320800217182286,0.2452494216831095,0.1044737609301803,0.2203056201335644,0.05830717124282498,0.7370850161623747,0.04289033986749801,0.3455173163485919,-0.15822669288154206,-0.2767645015702671,0.5336361510746469,0.15754373124736037,0.3636754938436825,0.1471294623167851,-0.33582633871838585,0.7969570547895437,1.0,0.0,1.0,True,True,0.7690038574994327,0.42146995699625484,1.0,False,True,0,320000
163.0,0.0,163.0,163,163,100.45238095238095,186.13374638133223,8.0,1,500,1023.7046,0.0,1023.7046,1023.7046,1023.7046,845.87415,351.6969,1000.50305,8.11234,1044.8774,324001,6277.367560148239,-12.243997573852539,6.2803965,78.07399,0.14568576,0.12356336,1000.0,8.42065,90.691345,0.11389636,0.0015106113,1000.0,0.006134969325153374,0.07808541141937335,0.0,False,True,0.008295804693055226,0.09070272497312254,0.0,False,True,0.19221975667504862,0.013459930593518481,0.19263032553393877,0.08857785882136274,0.20910012455163035,0.254160017513998,0.13188584537978565,0.2172466351603241,0.024523080004732245,0.649524087279101,0.2601808280026032,0.3905429341597716,0.3104170524864523,-0.24127006333959658,0.7113954948609542,0.14241031358039188,0.32639992925427347,0.08491693000426076,-0.3393360264366543,0.7943260127490221,1.0,0.0,1.0,True,True,0.7575254799715573,0.4285797792306808,1.0,False,True,0,324000
179.33333333333334,227.07610080225427,34.0,4,500,141.13333333333333,216.61759444288506,13.0,1,500,719.2336,400.78986,1000.6995,152.43552,1004.5657,756.10394,407.72742,1000.5222,12.861603,1005.5676,328001,6354.029096126556,-13.700981140136719,4.0105963,60.83976,0.305792,0.035642505,1000.0,5.3573737,71.884415,0.17018487,0.009196183,1000.0,0.0037174721189591076,0.06085764142656094,0.0,False,True,0.0051960321209258385,0.0718959899516249,0.0,False,True,0.12473714080660238,0.02804185409619473,0.11848501119823224,0.06124303055813264,0.3334216447527361,0.21976838116170755,0.10414884258305611,0.17708702187110414,0.03437318263808429,0.4688966815175327,0.14042436999522548,0.28527839698430385,0.14323498534551538,-0.22107365160599923,0.49728599009635416,0.14050363923552395,0.35824157218400676,-0.015366290391906956,-0.33703072516867455,0.7953318803311555,0.9944237918215614,0.07446552276583689,1.0,False,True,0.788379782711384,0.4084569756086128,1.0,False,True,0,328000
59.8,147.4298477242651,5.5,1,500,238.72222222222223,239.58895484548242,127.0,1,500,904.2826,291.85236,1000.9087,28.741322,1006.35266,604.2098,448.3823,1000.1548,65.41731,1041.0919,332001,6433.043007850647,-13.361549377441406,15.121784,121.74362,0.039273605,0.006984793,1000.0,2.5310159,48.175144,0.21161565,0.007424892,1000.0,0.015050167224080268,0.12175245250346083,0.0,False,True,0.0023272050267628577,0.04818494727117864,0.0,False,True,0.19376434988541555,0.3716901938514483,0.04298631033052017,-0.3300523448196463,0.7702347082104372,0.08927992616137687,0.39084379249079093,-0.07193064029262577,-0.32720686008094163,0.7680216276936342,0.31408771304975175,0.10703090103932436,0.3237202807316244,0.05359866542939262,0.496401987216686,0.16520685360173695,0.04106942148054395,0.15529835801702568,0.03613260844548727,0.4902917144985689,0.3394648829431438,0.47352769316222837,0.0,False,True,0.986967651850128,0.11341298890150339,1.0,False,True,0,332000
173.33333333333334,231.08055353538992,18.0,2,500,136.74193548387098,210.42307118416576,9.0,1,500,703.7874,421.01483,1000.25507,108.38425,1002.72296,793.6901,393.32388,1000.3708,1.0510564,1100.3247,336001,6510.853641271591,-12.884033203125,4.0603123,61.884712,0.24333832,0.040357303,1000.0,5.804293,75.02035,0.13120486,0.00066497456,1000.0,0.0038461538461538464,0.06189798822858109,0.0,False,True,0.005661712668082095,0.07503104475979373,0.0,False,True,0.1620471183253514,0.04979636693736202,0.14133025669663077,0.06344136548762663,0.32099828780118456,0.26030594855580313,0.17961735538243223,0.20309954249408185,0.04630051770231083,0.7315761774756767,0.09801386712863867,0.255963433344378,0.057504805128583136,-0.28549646259611416,0.739677383098204,0.10312740093314238,0.32221959871950717,0.01056483881544587,-0.31852550728765144,0.7900906880743157,0.9557692307692308,0.20560741300844107,1.0,False,True,0.7584335928284973,0.42803280025922597,1.0,False,True,0,336000
84.42857142857143,169.9763488949962,15.0,5,500,342.8333333333333,222.43232428963398,500.0,12,500,867.0929,332.4785,1001.3791,52.716568,1009.0847,371.41483,447.7619,67.38926,25.860693,1006.3021,340001,6587.3930406570435,-14.816280364990234,10.270135,100.23385,0.1051645,0.022569874,1000.0,1.0833687,31.162971,0.11516881,0.021944987,1000.0,0.01015228426395939,0.10024577491437309,0.0,False,True,0.0009722897423432182,0.031166398492609836,0.0,False,True,0.21752898626119602,0.03575363052579224,0.22522295015694763,0.06737942056090604,0.3791139236221581,0.2304726667205729,0.050276688157820854,0.21613563155651447,0.07441232509639342,0.3819216601942039,0.29687320544844376,0.3810324386230284,0.3121491292612512,-0.32598106193303494,0.7918386216546599,0.1544799257027676,0.37733303034429244,0.10616808516137127,-0.3200275431402056,0.7948288825690399,0.9746192893401016,0.15727851152111338,1.0,False,True,0.8928050559066601,0.30936093491933586,1.0,False,True,0,340000
256.5,243.5,256.5,13,500,139.51612903225808,199.92512646355195,18.0,1,500,512.6169,488.711,512.6169,23.905865,1001.3279,796.302,391.18613,1000.9165,5.257183,1060.0438,344001,6668.103825569153,-13.830423355102539,1.9985063,44.10585,0.048978645,0.0008557253,1000.0,5.707598,74.273766,0.13478965,0.0013761573,1000.0,0.001949317738791423,0.044108025337172535,0.0,False,True,0.0055491329479768784,0.07428553070082057,0.0,False,True,0.3065145510861307,0.0469133588398404,0.3016370863223544,0.06830636505573996,0.7063561102759166,0.2205773127963992,0.1085280019895339,0.2004039889196111,0.05224458010514334,0.6588460236006237,0.02733214031198971,0.27834739660585245,-0.16585663394534694,-0.18050676160193233,0.6347014786560307,0.1265447142412213,0.35673742476966674,-0.013480614656273426,-0.33796118643860135,0.77321278011994,0.4697855750487329,0.4990862535923668,0.0,False,True,0.8027745664739885,0.3979039606443851,1.0,False,True,0,344000
254.5,245.5,254.5,9,500,159.78571428571428,223.1783971148989,7.5,1,500,551.99695,449.38647,551.99695,102.61049,1001.3834,735.7314,422.3421,1000.39166,26.889431,1031.2186,348001,6750.160190343857,-12.262739181518555,2.168947,44.271606,0.20758446,0.034423072,1000.0,4.6044874,66.70152,0.13267311,0.0062414566,1000.0,0.0019646365422396855,0.04428065881958603,0.0,False,True,0.004470272686633884,0.06671048904588409,0.0,False,True,0.15984272284711645,0.020432355359531036,0.1572216975390756,0.08009714719074107,0.33690282300743085,0.21217229139900398,0.05364735722278253,0.20198670375389394,0.03426649798257729,0.5076541704882622,0.30368050439680033,0.3134323167947548,0.37360646437800465,-0.24002686525152872,0.7529140040039098,0.1522953236908036,0.377925219800798,0.048688287133499986,-0.33889805709914717,0.7809002092738137,0.9901768172888016,0.09862397169360415,1.0,False,True,0.9718372820742065,0.1654375388018864,1.0,False,True,0,348000
187.33333333333334,222.35307258702068,60.0,2,500,221.10526315789474,234.92975315967877,42.0,2,500,668.2554,470.6346,1000.28674,2.6781192,1001.8013,657.62866,459.7876,1000.36694,13.593674,1071.7883,352001,6841.601384878159,-13.518994331359863,3.5671997,59.548252,0.0041084597,0.0035078616,1000.0,2.9742785,53.36325,0.12111284,0.00079545425,1000.0,0.0035587188612099642,0.05954875633694487,0.0,False,True,0.0028564627469650082,0.0533694984756294,0.0,False,True,0.5240300908452648,0.07456164443343886,0.549470704343272,0.08618138229639644,0.5652748617560023,0.2518341897241081,0.10395874403820947,0.21110326238807067,0.053836616606499535,0.7136597251467091,0.07819055698638028,0.35032848840937125,-0.018359243159047106,-0.3163475583540362,0.6475387673630318,0.19948450463151984,0.3553274718947845,0.22671143821788192,-0.3393198213597887,0.7805078150023388,0.026690391459074734,0.16117696629120454,0.0,False,True,0.6579385860509402,0.4744000453585873,1.0,False,True,0,352000
250.5,249.5,250.5,1,500,148.56666666666666,216.54386519953772,11.0,1,500,524.6821,475.31784,524.6821,49.36432,1000.0,759.3427,405.4116,1000.6694,41.400436,1042.823,356001,6921.478697299957,-16.155216217041016,2.0945394,44.627693,0.09843352,0.0544205,1000.0,5.1111245,70.071175,0.15810381,0.024450269,1000.0,0.001996007984031936,0.04463209535927722,0.0,False,True,0.004936055642809065,0.0700834573740491,0.0,False,True,0.2309547783497996,0.3244654414604826,0.2718940262745941,-0.28328199464304193,0.606424251181077,0.12472809034664756,0.3704430777048316,-0.011412266680460026,-0.3257666493835279,0.7971082120010431,0.23218061809322857,0.013900413026655655,0.23183738988383376,0.08629916229407113,0.2911014307292119,0.18494738627852678,0.04970120290844593,0.1844503445776274,0.04467900121918425,0.3711114095933146,1.0,0.0,1.0,True,True,0.9930446488669509,0.08310820791994691,1.0,False,True,0,356000
129.0,214.20901008127552,6.5,3,500,182.2608695652174,232.5303565766815,13.0,2,500,763.84894,410.16357,1000.49695,53.424923,1000.97705,680.6838,440.13943,1000.6317,3.491332,1006.3583,360001,7001.904459953308,-12.104150772094727,5.921311,76.019104,0.10599566,0.048748437,1000.0,3.7346678,59.702007,0.15077597,0.0006114648,1000.0,0.005813953488372093,0.07602730715477916,0.0,False,True,0.00357824427480916,0.059711309169360516,0.0,False,True,0.22284576567754857,0.01762438600038398,0.2244357084446719,0.06868175189888859,0.30210821018878703,0.24521141020747933,0.17723222542996767,0.1891960179923267,0.06191294059615243,0.7399653241278168,0.09957464973752156,0.434803268111648,-0.07778677773498978,-0.32687020476425627,0.6999014280042032,0.15497894932423553,0.3580217541099487,-0.020359992411838806,-0.3373341326406832,0.771175572512216,0.998062015503876,0.04397986712368301,1.0,False,True,0.8680820610687023,0.3384015312013468,1.0,False,True,0,360000
171.0,232.6413548791358,8.0,5,500,191.9090909090909,233.29106071228807,24.0,2,500,677.09686,457.82993,1000.5092,29.627678,1001.1537,651.23376,464.45755,1000.6654,1.9201455,1007.1019,364001,7082.788489341736,-15.064216613769531,3.9596303,62.31341,0.058167577,0.05684372,1000.0,3.393449,57.48445,0.04538906,0.00025875992,1000.0,0.003898635477582846,0.06231722168867751,0.0,False,True,0.0033159639981051635,0.05748885440560138,0.0,False,True,0.28070888288975104,0.020513844317409536,0.28444271908770336,0.07680374671925247,0.28674495224078705,0.3424674357926264,0.15936696038679746,0.30924851664359654,0.05918322544343744,0.8259609851094835,0.21902687443119154,0.427606791292207,0.1284338914179033,-0.3394032635437616,0.7853306402948012,0.2082843006106207,0.37396053181654365,0.2321148584352526,-0.3352620026238392,0.791887564954454,1.0,0.0,1.0,True,True,0.48223590715300807,0.49968433736242274,0.0,False,True,0,364000
169.66666666666666,233.58129681595275,5.0,4,500,141.6206896551724,221.21660687693648,5.0,1,500,680.3407,453.07986,1000.68054,39.589035,1000.7526,740.3022,422.51666,1000.4979,6.2093525,1002.3759,368001,7159.748247146606,-16.094924926757812,4.0098667,62.55558,0.078537494,0.07170704,1000.0,5.22736,71.3156,0.10936292,0.0035677461,1000.0,0.003929273084479371,0.06256064176067058,0.0,False,True,0.005113221329437546,0.0713237428706159,0.0,False,True,0.2518924387693564,0.016107862823462826,0.254417913458747,0.07573639332146655,0.2635166374694821,0.2501329326426244,0.10049294854536686,0.22130833796281074,0.054882976087916494,0.563582124685442,0.20110844283102977,0.4267597531334582,0.015934793373910294,-0.32088708208622346,0.7931578462613662,0.1403184103645026,0.3929871629526434,-0.003297926603675977,-0.3389962318504109,0.7974612518419126,1.0,0.0,1.0,True,True,0.7489651813976138,0.4336085082786698,1.0,False,True,0,368000
500.0,0.0,500.0,500,500,215.78947368421052,242.59530497200444,16.0,2,500,103.6709,0.0,103.6709,103.6709,103.6709,599.7989,471.12378,1000.326,6.7149,1004.3372,372001,7236.326210737228,-13.965801239013672,0.20734179,0.0144608,0.20265095,0.067671426,0.29011384,2.7795558,51.72248,0.085364625,0.0014920366,1000.0,0.0,0.0,0.0,False,False,0.002682926829268293,0.05172744661103121,0.0,False,True,0.15760924354552627,0.007743117346639261,0.15962702394379463,0.1237481843666253,0.2693091207993104,0.26404965087876575,0.0922985295214538,0.24608234644082272,0.059570095309060746,0.6507613268995821,0.05660601885543886,0.34765364965473106,-0.14005192083868845,-0.23530702754360527,0.5451770049486103,0.14944689461034266,0.36878751346851435,0.008908818923128559,-0.3241338442424042,0.794468071024638,1.0,0.0,1.0,True,True,0.7319512195121951,0.4429431473302251,1.0,False,True,0,372000
500.0,0.0,500.0,500,500,230.61111111111111,242.33588693952333,64.0,1,500,109.02034,0.0,109.02034,109.02034,109.02034,568.7058,484.9106,1000.0,2.462559,1016.72766,376001,7317.666773557663,-14.933961868286133,0.21804067,0.010811898,0.2121213,0.1276209,0.28790992,2.4660816,49.02025,0.016496355,0.0007169643,1000.0,0.0,0.0,0.0,False,False,0.002409058058299205,0.04902299967944585,0.0,False,True,0.1524309329904807,0.0050033233609405375,0.15505970401002322,0.12451076066735925,0.20586910979457493,0.41001552954726667,0.17810372335701702,0.41046158506515856,0.052926606399139195,0.7240484519831536,0.06761183682066638,0.3117821818573892,-0.0764031609814047,-0.22129194657864865,0.5005306180220525,0.12623399084354336,0.3081929009276142,0.08435700758899495,-0.33992064377837333,0.7089769247448998,1.0,0.0,1.0,True,True,0.369790411948928,0.4827478256601164,0.0,False,True,0,376000
140.0,0.0,140.0,140,140,143.3,216.4021179810093,7.5,1,500,1018.11993,0.0,1018.11993,1018.11993,1018.11993,748.77246,420.314,1000.4009,15.869976,1020.8518,380001,7399.956756353378,-17.07269287109375,7.2722855,84.20207,0.12510577,0.07975996,1000.0,5.225209,71.34552,0.108377956,0.0015245914,1000.0,0.007142857142857143,0.0842130437325114,0.0,False,True,0.005117469178878809,0.07135321077626453,0.0,False,True,0.2058146021177895,0.025694842336594432,0.20785959924658448,0.07940742959665945,0.2528733638232298,0.25120305412476673,0.09064380620489508,0.22221305383512951,0.056547567669826763,0.6486028898442705,0.18408526876116457,0.43486970666570623,0.004808434759123653,-0.2357489388762047,0.7831963104005748,0.09406086588004198,0.3706470905583304,-0.1155790877500534,-0.3369174738726597,0.7941071873678627,1.0,0.0,1.0,True,True,0.7959990695510584,0.40296966489415514,1.0,False,True,0,380000
500.0,0.0,500.0,500,500,332.6923076923077,218.9254824452954,500.0,2,500,44.163704,0.0,44.163704,44.163704,44.163704,453.48743,442.808,142.81842,38.017365,1047.1156,384001,7476.332216501236,-13.599376678466797,0.08832741,0.024849862,0.08646274,0.0062463917,0.23647407,1.3630835,33.974438,0.19334027,0.032281876,1000.0,0.0,0.0,0.0,False,False,0.0011560693641618498,0.03398136059352386,0.0,False,True,0.24753521760057598,0.03689488060291172,0.24480416616224526,0.14419167580367034,0.5075751321247333,0.17110036212407104,0.05879614873275561,0.16433035890990078,0.07653752413994763,0.3433249365234233,0.07222717982731312,0.25610710074630644,-0.009937353609903277,-0.19217870815537236,0.418797601247215,0.11759513324710244,0.36680596155189027,-0.035163891139666364,-0.33915892901121436,0.7829559938427458,0.964,0.18629009635512025,1.0,False,True,0.9495953757225434,0.2187784224481589,1.0,False,True,0,384000
500.0,0.0,500.0,500,500,221.05263157894737,239.64984844872285,15.0,1,500,80.75925,0.0,80.75925,80.75925,80.75925,613.01996,456.77682,1000.0,17.083754,1015.7464,388001,7555.599152088165,-18.700389862060547,0.1615185,0.08363241,0.19902161,0.0069584507,0.27390438,2.773185,51.10171,0.15748209,0.0039008942,1000.0,0.0,0.0,0.0,False,False,0.002619047619047619,0.05110957061663482,0.0,False,True,0.20318026510346868,0.0729816437342448,0.16143418643608515,0.12949761587833689,0.49677984180301127,0.19994637840106416,0.060692003647105044,0.18484435946782177,0.049202100875383424,0.5546549456231138,0.023520217836117876,0.3340529757308118,-0.19415409964803304,-0.23075487124990215,0.49546962440628883,0.13175513793076465,0.3776141089691493,-0.027627261368307898,-0.333363333088672,0.7769303059566657,0.944,0.2299217258111986,1.0,False,True,0.8740476190476191,0.3317956881648815,1.0,False,True,0,388000
500.0,0.0,500.0,500,500,347.46153846153845,228.81118026228035,500.0,2,500,0.8934416,0.0,0.8934416,0.8934416,0.8934416,344.50928,438.9181,68.25916,2.4050622,1001.4852,392001,7635.943557500839,-13.321796417236328,0.0017868832,0.009817617,0.0009474254,0.0009364755,0.15704907,0.99150336,29.741884,0.110377036,0.00103824,1000.0,0.0,0.0,0.0,False,False,0.0008855435023245517,0.029744904017832075,0.0,False,True,0.6902883455292076,0.04349139701648244,0.6961762407450498,0.1851196979038984,0.6973387179791828,0.29552171587132303,0.15339559140244852,0.2203853141891651,0.07396074534239974,0.6870228311450387,0.2642954312607145,0.3714982437223561,0.1377770874563724,-0.11404617711716261,0.7691553834429338,0.12052080502857344,0.3481246621588334,-0.03961240956322695,-0.3263978946295592,0.7327449556763002,0.006,0.07722693830523132,0.0,False,True,0.6670356431259685,0.47127390541541136,1.0,False,True,0,392000
264.0,236.0,264.0,28,500,229.55555555555554,242.05192790487982,33.0,1,500,532.51324,470.0905,532.51324,62.422752,1002.60376,585.77997,465.4383,1000.1362,19.32415,1002.9302,396001,7713.9761345386505,-15.668118476867676,2.0170953,43.472836,0.13032022,0.009834939,1000.0,2.5518,49.128895,0.12404936,0.0009944601,1000.0,0.001893939393939394,0.043478182891094674,0.0,False,True,0.002420135527589545,0.04913530778999602,0.0,False,True,0.2161442681350056,0.045115362046973834,0.20377607041685644,0.09706315739382332,0.46218140482211734,0.22687050674560336,0.07695006437458686,0.2087075773284746,0.0872968210595125,0.6913310619946005,0.18663931474498116,0.3717461549300635,0.17151781160331908,-0.313644239474649,0.6587089529241699,0.16237255760356026,0.37597043842317124,0.22153542768534412,-0.3391880596677997,0.733922838355785,0.928030303030303,0.2584377288396316,1.0,False,True,0.7584704743465635,0.4280105301170318,1.0,False,True,0,396000
102.2,198.9084211389754,3.0,1,500,204.13636363636363,228.34668527851667,55.0,1,500,812.10785,376.48846,1000.0,59.13137,1001.05853,663.1098,453.54752,1000.45215,19.207195,1048.5123,400001,7794.167610168457,-16.197742462158203,7.9462605,88.11731,0.12375249,0.04860998,1000.0,3.2483668,55.738842,0.11401871,0.0011735501,1000.0,0.007827788649706457,0.08812782973931664,0.0,False,True,0.0031173458027165444,0.05574610262487262,0.0,False,True,0.15331951571087266,0.43134921310138424,0.0644700184175479,-0.32816293503209387,0.7212662476132351,0.1520279238939818,0.39625525813071555,0.0586929505336925,-0.3376937610828292,0.7990843025495218,0.2129450468458591,0.020531383871846758,0.20894717692136078,0.07455280494055551,0.30239263981065256,0.22289515428119702,0.06861977676093005,0.21713927415355364,0.051118685617916715,0.6747721852056828,0.9980430528375733,0.04419408920014176,1.0,False,True,0.8733021598753061,0.33263417959138136,1.0,False,True,0,400000
