train_ep_lens_Average,train_ep_lens_Std,train_ep_lens_Median,train_ep_lens_Min,train_ep_lens_Max,eval_ep_lens_Average,eval_ep_lens_Std,eval_ep_lens_Median,eval_ep_lens_Min,eval_ep_lens_Max,train_returns_Average,train_returns_Std,train_returns_Median,train_returns_Min,train_returns_Max,eval_returns_Average,eval_returns_Std,eval_returns_Median,eval_returns_Min,eval_returns_Max,Train_EnvstepsSoFar,TimeSinceStart,Training Loss,Training Loss2,Q Predictions,Q Predictions2,Q Targets,reward_Average,reward_Std,reward_Median,reward_Min,reward_Max,eval_reward_Average,eval_reward_Std,eval_reward_Median,eval_reward_Min,eval_reward_Max,ob_Average,ob_Std,ob_Median,ob_Min,ob_Max,eval_ob_Average,eval_ob_Std,eval_ob_Median,eval_ob_Min,eval_ob_Max,score_Average,score_Std,score_Median,score_Min,score_Max,eval_score_Average,eval_score_Std,eval_score_Median,eval_score_Min,eval_score_Max,success_Average,success_Std,success_Median,success_Min,success_Max,eval_success_Average,eval_success_Std,eval_success_Median,eval_success_Min,eval_success_Max,reached_goal_Average,reached_goal_Std,reached_goal_Median,reached_goal_Min,reached_goal_Max,eval_reached_goal_Average,eval_reached_goal_Std,eval_reached_goal_Median,eval_reached_goal_Min,eval_reached_goal_Max,Initial_DataCollection_AverageReturn,step
500.0,0.0,500.0,500,500,500.0,0.0,500.0,500,500,-328.31128,0.0,-328.31128,-328.31128,-328.31128,-419.9573,87.11038,-444.33868,-545.0714,-309.1776,2001,13.647804737091064,0.0003723323,0.00038851227,-1.5962639,-1.5929215,-1.5981961,-0.6566225,0.20162496,-0.61286336,-1.0734419,-0.28630787,-0.8399146,0.23475514,-0.81118405,-1.325288,-0.18981488,-0.30984267311595776,0.8927940079678697,-0.017037681218529943,-2.336078963694679,1.7546430346419906,-0.08473931687808216,0.8067978475674,3.3452368913337396e-17,-2.3299704215471495,1.7852810510783452,-0.3422016036019398,0.200416231505017,-0.29468365637455923,-0.8696478520481918,-0.003197255875267091,-0.4204366882973081,0.2770472821991891,-0.38635912655332116,-1.2818678822487626,-1.6301739881985355e-05,0.364,0.48114862568649197,0.0,False,True,0.24481481481481482,0.42997734970810114,0.0,False,True,0.028,0.1649727250184102,0.0,False,True,0.012444444444444444,0.11085837923636437,0.0,False,True,0,2000
500.0,0.0,500.0,500,500,500.0,0.0,500.0,500,500,-225.8392,0.0,-225.8392,-225.8392,-225.8392,-399.2771,115.41207,-419.76862,-542.13727,-154.85628,4001,44.650511503219604,0.00013064012,8.187357e-05,-2.4468284,-2.4506981,-2.4561844,-0.4516784,0.120308705,-0.4177697,-1.028157,-0.41552275,-0.79855424,0.25810266,-0.84472656,-1.4743476,-0.24659714,-0.17881696416672582,0.8647338368673346,-1.3115310775518024e-05,-2.339435759200199,1.7290870164403926,-0.1492799809705507,0.8771192246707329,-8.160341366558059e-08,-2.3417909583700216,1.7439513814149643,-0.22442888657103738,0.14986949582189862,-0.15978514911474007,-0.9992286471548145,-0.016738776223763407,-0.39642617449496087,0.27859452451245276,-0.3506199579221849,-1.2917862266453304,-0.00018019654247791728,0.65,0.47696960070847283,1.0,False,True,0.29614814814814816,0.45655714045075524,0.0,False,True,0.0,0.0,0.0,False,False,0.10466666666666667,0.30612343189562535,0.0,False,True,0,4000
500.0,0.0,500.0,500,500,500.0,0.0,500.0,500,500,-206.53714,0.0,-206.53714,-206.53714,-206.53714,-313.88754,114.17559,-300.49048,-568.8187,-129.50986,6001,76.14802670478821,0.0004762595,0.00033800825,-3.1402535,-3.1489782,-3.1537595,-0.41307428,0.12135666,-0.36093175,-0.79489785,-0.32602438,-0.62777513,0.25640804,-0.58290327,-1.4076457,-0.12877783,0.009538155968524557,0.8300751912255745,2.5203608197613517e-07,-2.350515806444422,1.7501395579025478,-0.017419870467421883,0.8137569317541893,7.049455473630178e-09,-2.3575024698549365,1.7544388840708554,-0.20559993258408377,0.13969469484374433,-0.203712407993222,-0.677994883419553,-4.971916398160969e-05,-0.3169288031085625,0.22986595264192322,-0.23591263093088685,-1.2045896658801805,-0.0004363702281977022,0.3406666666666667,0.4739334224222732,0.0,False,True,0.43422222222222223,0.4956543997087257,0.0,False,True,0.0,0.0,0.0,False,False,0.11333333333333333,0.3169998247458331,0.0,False,True,0,6000
500.0,0.0,500.0,500,500,500.0,0.0,500.0,500,500,-195.85193,0.0,-195.85193,-195.85193,-195.85193,-370.94427,117.15638,-335.19562,-639.4807,-224.63136,8001,107.24643969535828,0.00036961108,0.00017383447,-3.752081,-3.7559962,-3.7534494,-0.39170384,0.12977518,-0.3597157,-0.9800955,-0.31031966,-0.7418886,0.2551491,-0.63825977,-1.5610347,-0.34080592,0.21995361401830074,0.9097998861331364,-4.2222560754817846e-16,-2.3425825568850183,1.7329321265287647,0.17922687832205167,0.9283931862230254,-5.0196111077955684e-17,-2.383109239024004,1.7736208683480204,-0.2110774865061253,0.11047237755960666,-0.22647819286947468,-0.8678290153611676,-0.09618335463780914,-0.37515528914398144,0.2538209639879122,-0.33817629710654296,-1.3188996770636905,-8.797429684265223e-06,0.33,0.47021271782034996,0.0,False,True,0.2897777777777778,0.45365914218050385,0.0,False,True,0.0,0.0,0.0,False,False,0.0,0.0,0.0,False,False,0,8000
500.0,0.0,500.0,500,500,500.0,0.0,500.0,500,500,-128.20831,0.0,-128.20831,-128.20831,-128.20831,-397.42883,127.569885,-481.98615,-510.35608,-148.34567,10001,138.31987476348877,0.00019656401,0.00024680028,-4.8337827,-4.8353653,-4.8422127,-0.25641662,0.07954004,-0.22295937,-0.5647994,-0.2147687,-0.7948576,0.2847017,-0.8773463,-1.5821139,-0.2651772,0.1701850951385913,0.861989686898632,2.084887701502557e-05,-2.376372614192342,1.742108865826831,0.11783062168485665,0.9136418752604211,3.0430980570667004e-07,-2.3791979441465014,1.8096799125306007,-0.10835534712628184,0.11083541570028105,-0.025598775930366968,-0.556362425918495,-0.0010475241913627809,-0.3968363332645539,0.2830879824614317,-0.36584628528701274,-1.4199155988028624,-2.217886615585307e-06,0.6466666666666666,0.47800511387315603,1.0,False,True,0.32614814814814813,0.46880223293802875,0.0,False,True,0.862,0.34489998550304407,1.0,False,True,0.092,0.289025950392002,0.0,False,True,0,10000
500.0,0.0,500.0,500,500,500.0,0.0,500.0,500,500,-327.33054,0.0,-327.33054,-327.33054,-327.33054,-355.25323,55.590794,-334.17188,-466.9836,-292.79807,12001,169.14438652992249,0.013706921,0.013204825,-5.468574,-5.465577,-5.496439,-0.65466106,0.12723403,-0.62204355,-1.174412,-0.43036497,-0.7105065,0.16557397,-0.64253247,-1.3989998,-0.2924641,0.21252059052775776,0.9101875826293915,6.470711090863392e-10,-2.3559466141448038,1.7442211726274912,0.17164478949323805,0.9095051691361763,1.8542890431348386e-08,-2.372652453910274,1.820851936528341,-0.3418052199543606,0.17727300896086134,-0.2445475254599936,-0.979306362981743,-0.0008614032995964138,-0.36820148161372973,0.20454596998448688,-0.35277841442122826,-1.1903595024618758,-5.9620543709504314e-05,0.05,0.21794494717703367,0.0,False,True,0.19325925925925927,0.3948545529303438,0.0,False,True,0.0,0.0,0.0,False,False,0.0015555555555555555,0.03940984397925392,0.0,False,True,0,12000
500.0,0.0,500.0,500,500,500.0,0.0,500.0,500,500,-206.60524,0.0,-206.60524,-206.60524,-206.60524,-357.19208,89.38874,-371.74902,-501.74286,-171.93129,14001,200.9812581539154,0.0004004825,0.0006342868,-5.7067666,-5.705772,-5.7241,-0.41321048,0.06736484,-0.409744,-0.61715704,-0.20837566,-0.7143842,0.25848684,-0.72995263,-1.5342039,-0.20732483,0.13475569650425437,0.6956529902006635,0.004645526983200985,-2.361054906003956,1.729859443089334,0.007556950288984735,0.7985651951290567,-1.2086914230640417e-07,-2.3924654396171774,1.8020408834305592,-0.20376140048262592,0.13003179185410915,-0.14962466329394788,-0.5623874392752236,-0.00040165332611580284,-0.3407389521590159,0.27619502901077186,-0.3016455356643742,-1.3992971071716265,-7.700942424498924e-05,0.5926666666666667,0.4913378561528604,1.0,False,True,0.40044444444444444,0.4899884604335338,0.0,False,True,0.04,0.19595917942265426,0.0,False,True,0.03177777777777778,0.17540795482897562,0.0,False,True,0,14000
500.0,0.0,500.0,500,500,500.0,0.0,500.0,500,500,-246.0998,0.0,-246.0998,-246.0998,-246.0998,-405.50787,148.6283,-421.95966,-599.4999,-153.75415,16001,231.7981355190277,0.00048668892,0.00045110303,-6.805068,-6.8078394,-6.8155026,-0.4921996,0.052012406,-0.48668215,-0.775871,-0.42499062,-0.8110157,0.34560943,-0.86962163,-1.4054188,-0.13556327,0.07465796759817199,0.8100358557424545,0.04342941572939495,-2.3637797087524124,1.7576643844781936,0.049230188915947194,0.7024437992793459,6.157270358470123e-06,-2.3788903572302007,1.7366495874599948,-0.23785981044587637,0.15836016855168863,-0.22357726273996792,-0.629154620380812,-8.096507002108844e-05,-0.40163050280218376,0.312661247396554,-0.32062131991364273,-1.2744224413552692,-0.00030828568461863104,0.4713333333333333,0.4991775457912968,0.0,False,True,0.3197037037037037,0.4663617110589571,0.0,False,True,0.0,0.0,0.0,False,False,0.10666666666666667,0.30868898407440604,0.0,False,True,0,16000
500.0,0.0,500.0,500,500,500.0,0.0,500.0,500,500,-480.30826,0.0,-480.30826,-480.30826,-480.30826,-358.3255,138.68948,-336.70587,-574.2301,-153.58768,18001,262.76675724983215,0.00089631224,0.00064717216,-6.9555273,-6.952365,-6.9690638,-0.9606165,0.06308944,-0.9715314,-1.0691776,-0.6201827,-0.71665096,0.3349943,-0.71308094,-1.4795455,-0.017394248,0.08739067927087908,0.911172896799236,0.00011084658361905661,-2.3445558683566565,1.752374534268002,-0.05836735506991193,0.837493923792013,-0.00019520785427504982,-2.3815728423746596,1.810003533021986,-0.46662724320754445,0.3019610416438698,-0.29465056782888993,-1.005736129112143,-0.14407133503922176,-0.3591802828166602,0.2821219504391074,-0.27364850103431987,-1.4006714440079753,-0.00018262310369709933,0.034666666666666665,0.18293411078551994,0.0,False,True,0.35555555555555557,0.4786813161897337,0.0,False,True,0.0,0.0,0.0,False,False,0.11533333333333333,0.31942378677167355,0.0,False,True,0,18000
500.0,0.0,500.0,500,500,500.0,0.0,500.0,500,500,-134.5286,0.0,-134.5286,-134.5286,-134.5286,-275.6798,53.449116,-291.34274,-352.81674,-178.54672,20001,293.96605348587036,0.00084283366,0.0008635242,-7.773884,-7.7815285,-7.754548,-0.26905718,0.23851733,-0.18464682,-1.0941169,-0.16396376,-0.5513596,0.18900974,-0.5389664,-1.4849693,-0.2153807,-0.0905911345617085,0.795208099765129,-1.2520632156025023e-05,-2.3696614861036904,1.5660697090511682,-0.040251894581709816,0.7353387901760635,-5.124202457621831e-06,-2.3843623622416317,1.7272744871165948,-0.11293343732021843,0.1741842088875048,-0.03920867143009105,-1.045661011099187,-0.00014671358751566776,-0.27547447064675534,0.1932731532514156,-0.24184056723952072,-1.4183968222160845,-8.129973627379883e-05,0.9186666666666666,0.2733463411538962,1.0,False,True,0.36918518518518517,0.48258417320190444,0.0,False,True,0.878,0.32728580781940425,1.0,False,True,0.08511111111111111,0.27904696715166644,0.0,False,True,0,20000
500.0,0.0,500.0,500,500,500.0,0.0,500.0,500,500,-283.79962,0.0,-283.79962,-283.79962,-283.79962,-349.1017,101.80923,-319.45892,-578.9383,-222.69003,22001,325.2002069950104,0.0011671527,0.001279343,-7.825016,-7.837696,-7.817956,-0.56759924,0.11194746,-0.55233806,-1.0958611,-0.15842122,-0.6982035,0.26019958,-0.6957675,-1.5662115,-0.14988229,-0.019932878761008327,0.8083787174117285,2.609606341215876e-07,-2.366407361613611,1.5553335811174314,-0.019911385233472842,0.8423699967903477,-3.0037730505984323e-08,-2.3914415096576014,1.774623845486712,-0.3046888258103029,0.13686408507156947,-0.25789517703764,-0.8026129940000584,-0.004281170928233158,-0.3527462706211196,0.24623980804552076,-0.2936207070505251,-1.3872615894692288,-4.524163696950634e-05,0.318,0.4656994739099455,0.0,False,True,0.26437037037037037,0.4409973669315993,0.0,False,True,0.018,0.132951118836962,0.0,False,True,0.014444444444444444,0.11931388213085603,0.0,False,True,0,22000
500.0,0.0,500.0,500,500,500.0,0.0,500.0,500,500,-334.26926,0.0,-334.26926,-334.26926,-334.26926,-251.28156,97.91424,-265.45157,-424.29834,-70.07028,24001,356.2980787754059,0.001164127,0.0014203875,-8.2908325,-8.289117,-8.280497,-0.6685385,0.010360981,-0.6652436,-0.7218392,-0.6596945,-0.50256306,0.2470552,-0.5196443,-1.3366102,-0.043439753,-0.0453920233141566,0.5350429192650757,8.813033551274693e-08,-1.5061976373967412,1.4417632829958817,0.001018638419748259,0.7646051201480825,1.3702879516271718e-10,-2.3815275350814242,1.742556191376303,-0.3736239442261137,0.09706801966500345,-0.37885956685387734,-0.707869892362647,-0.006195254403690842,-0.256337792921504,0.1970437512987523,-0.24065279531620049,-1.2167086116333738,-3.7467151213776972e-06,0.06,0.23748684174075835,0.0,False,True,0.4083703703703704,0.49153230918621904,0.0,False,True,0.0,0.0,0.0,False,False,0.1928888888888889,0.39456655386905104,0.0,False,True,0,24000
500.0,0.0,500.0,500,500,500.0,0.0,500.0,500,500,-300.8498,0.0,-300.8498,-300.8498,-300.8498,-245.1027,83.244354,-232.25572,-431.0856,-142.82874,26001,387.1411283016205,0.0019151366,0.0012073768,-9.0007105,-9.0032215,-9.013611,-0.6016996,0.10604394,-0.6459086,-0.6510425,-0.15403993,-0.4902054,0.21875235,-0.47218615,-1.4496988,-0.048227604,0.1865181190226721,0.8248128700732821,0.00018599700567518653,-2.3577043906450568,1.7681590788451473,0.014502516453219549,0.8211133244815308,1.2790134935151166e-10,-2.4019848926145198,1.7585991921543533,-0.2996720979096711,0.18608027705478983,-0.293000628156172,-0.5672923264632801,-0.001276792108829028,-0.2576445907395067,0.17225149432932974,-0.21612743917747834,-1.3564757952045516,-6.112665728519318e-05,0.364,0.481148625686492,0.0,False,True,0.4311111111111111,0.4952315831887687,0.0,False,True,0.044,0.20509509989270833,0.0,False,True,0.14955555555555555,0.35663523572135253,0.0,False,True,0,26000
500.0,0.0,500.0,500,500,500.0,0.0,500.0,500,500,-409.14215,0.0,-409.14215,-409.14215,-409.14215,-384.44232,129.50589,-379.4027,-597.2727,-212.91364,28001,418.04682087898254,0.0021219582,0.001528969,-9.396414,-9.408125,-9.42845,-0.8182843,0.022596786,-0.81691283,-0.8546975,-0.7765245,-0.76888466,0.2868252,-0.74156535,-1.6117611,-0.24716295,-0.04259010386740715,0.44916578582273403,-0.003619890842199577,-0.8721362205346677,1.539463736467265,-0.059112257810625506,0.7906224725243256,-1.460595453263878e-07,-2.3765774704922373,1.8019795927770796,-0.42932998475763495,0.19759143237531787,-0.34524108109974005,-0.7092644087349842,-0.15069686571252516,-0.38670669335031227,0.2737554179599039,-0.35428663234749946,-1.4053737404360205,-5.267413990794889e-05,0.10333333333333333,0.3043937508483963,0.0,False,True,0.31785185185185183,0.465641548968947,0.0,False,True,0.0,0.0,0.0,False,False,0.0044444444444444444,0.06651835354264785,0.0,False,True,0,28000
500.0,0.0,500.0,500,500,500.0,0.0,500.0,500,500,-194.06055,0.0,-194.06055,-194.06055,-194.06055,-257.10287,80.769066,-244.52223,-381.18466,-119.93172,30001,448.9465563297272,0.0016046329,0.0014212709,-9.536694,-9.525747,-9.523423,-0.3881211,0.27433053,-0.29427648,-1.387523,-0.29122305,-0.51420575,0.22592296,-0.46714044,-1.6233187,-0.06366387,-0.0790606990550316,0.9044693607778749,-0.0004122692401743468,-2.332687463969455,1.7295999066961858,-0.08792022653422078,0.728067984145407,-8.64004155190614e-06,-2.378488533116815,1.7509703999480846,-0.1749877670045157,0.21137098075121485,-0.06580562822860647,-1.3730700778506484,-0.0002528915740532267,-0.25394166499611537,0.20165115070718428,-0.22188073699824223,-1.4110429200458956,-6.7884463107459325e-06,0.612,0.4872945721019269,1.0,False,True,0.43992592592592594,0.4963779866433872,0.0,False,True,0.842,0.36474100400146947,1.0,False,True,0.098,0.2973146481423342,0.0,False,True,0,30000
500.0,0.0,500.0,500,500,500.0,0.0,500.0,500,500,-311.5752,0.0,-311.5752,-311.5752,-311.5752,-299.90567,116.403,-248.78964,-563.3732,-173.5958,32001,479.8701891899109,0.0035544988,0.0028974847,-10.266594,-10.275547,-10.306935,-0.6231504,0.08688659,-0.59447473,-0.9498381,-0.588759,-0.5998114,0.2531907,-0.48689976,-1.4062032,-0.1006296,0.010796440432365982,0.8240153475112406,1.2423146044505889e-09,-2.3543927206811817,1.5725165117029314,-0.04961225443761286,0.7351218183494651,-6.131343449897879e-09,-2.3889246032500138,1.7896414742138402,-0.2976717696035811,0.20819884374318964,-0.1772309804857088,-0.7541887177708818,-0.09365431320507528,-0.28551669251524053,0.24448574032786652,-0.2281131893349235,-1.1501479915143513,-0.0001545867864852779,0.5966666666666667,0.49056656587618724,1.0,False,True,0.3851851851851852,0.4866390431305731,0.0,False,True,0.0,0.0,0.0,False,False,0.051555555555555556,0.22112797255642166,0.0,False,True,0,32000
500.0,0.0,500.0,500,500,500.0,0.0,500.0,500,500,-255.5421,0.0,-255.5421,-255.5421,-255.5421,-334.731,88.20878,-299.53583,-467.00455,-246.34262,34001,510.82056164741516,0.0026081763,0.0021616651,-11.104092,-11.125625,-11.125938,-0.5110842,0.0064528678,-0.5126064,-0.52063817,-0.4713678,-0.669462,0.21881065,-0.6326822,-1.4178082,-0.1522152,0.02590391176966541,0.3065490904992128,1.554796000787537e-05,-0.6505501675004224,0.8209962815380123,-0.11899455922816782,0.7271651392741946,-1.0712672876017526e-08,-2.3668545185310426,1.7557311564553673,-0.2652699475000264,0.12928557532703028,-0.22939288731650342,-0.44838874124043615,-0.09092992909931506,-0.33345956718768827,0.23271700453033567,-0.2573558535673113,-1.3335723174557166,-8.744751761277647e-05,0.3333333333333333,0.4714045207910317,0.0,False,True,0.264,0.4407992740465891,0.0,False,True,0.0,0.0,0.0,False,False,0.010666666666666666,0.10272725484937718,0.0,False,True,0,34000
500.0,0.0,500.0,500,500,500.0,0.0,500.0,500,500,-254.83432,0.0,-254.83432,-254.83432,-254.83432,-388.182,119.342514,-409.6821,-566.1531,-199.06668,36001,541.7023477554321,0.0032859433,0.0026323353,-11.00183,-10.992117,-10.958134,-0.50966865,0.01322465,-0.5080025,-0.5509437,-0.450207,-0.776364,0.24921943,-0.7994843,-1.4280223,-0.16231138,-0.0036557853059313687,0.3146552164172343,-0.0007726740677124985,-0.6977085961443442,0.8209992624867071,-0.12636647023532008,0.6937549801198751,-3.3473714381321104e-08,-2.367083674204458,1.774560018943418,-0.1929861573661457,0.22226566495750352,-0.038663063892046726,-0.5361084760345459,-0.00024318984485299788,-0.3967675520402842,0.2533626503607663,-0.3478581078838188,-1.1803792777642412,-0.0001147170440455314,0.6666666666666666,0.4714045207910317,1.0,False,True,0.2571111111111111,0.4370411738661713,0.0,False,True,0.0,0.0,0.0,False,False,0.044,0.20509509989270833,0.0,False,True,0,36000
500.0,0.0,500.0,500,500,500.0,0.0,500.0,500,500,-316.70612,0.0,-316.70612,-316.70612,-316.70612,-318.3252,113.054794,-286.51196,-507.74603,-177.46593,38001,572.5063433647156,0.0023128223,0.0030326028,-11.534358,-11.533318,-11.512329,-0.63341224,0.07408072,-0.6422812,-0.9014836,-0.34107146,-0.6366504,0.24117565,-0.5895024,-1.076926,-0.0693246,-0.06882125165597017,0.790845925813909,-1.6268533654283647e-07,-2.347842877073974,1.7172765549395097,-0.14468431614650035,0.8151806620253106,-4.8055350631886306e-09,-2.3689490842746563,1.7618892200335188,-0.3101321167830787,0.1984550202882224,-0.4455704904980999,-0.7127799691800865,-0.007332919131571469,-0.29682519699400894,0.2576650480679957,-0.24684256147273767,-1.0153870937082958,-2.740587599914246e-06,0.3373333333333333,0.47279969919148174,0.0,False,True,0.4120740740740741,0.49220832129299535,0.0,False,True,0.0,0.0,0.0,False,False,0.014888888888888889,0.12110825684710029,0.0,False,True,0,38000
500.0,0.0,500.0,500,500,500.0,0.0,500.0,500,500,-505.68677,0.0,-505.68677,-505.68677,-505.68677,-237.30968,105.7304,-291.4878,-388.87662,-103.619064,40001,603.6087687015533,0.0032119818,0.0032915985,-12.48493,-12.480217,-12.460143,-1.0113735,0.08593255,-0.9935213,-1.4590328,-0.92951125,-0.47461936,0.24138737,-0.54173505,-1.508178,-0.038988866,-0.25778700856705244,0.8969788782665412,-3.3863568591354408e-06,-2.333705848304058,1.6831304232886704,-0.04926975456017507,0.7949468065814441,-1.4598070422574555e-11,-2.351212358757959,1.7463931949783427,-0.4946313265472078,0.31426121890091796,-0.26760996975623774,-1.289883452724428,-0.1946359719232488,-0.2297755555531134,0.20423922034282113,-0.1662237321965221,-1.328493229382016,-3.615638021906009e-05,0.0026666666666666666,0.051570878948836565,0.0,False,True,0.6042962962962963,0.4890013114285841,1.0,False,True,0.0,0.0,0.0,False,False,0.3466666666666667,0.4759084879353266,0.0,False,True,0,40000
500.0,0.0,500.0,500,500,500.0,0.0,500.0,500,500,-257.3465,0.0,-257.3465,-257.3465,-257.3465,-186.34868,80.41723,-177.18869,-349.18768,-95.08292,42001,634.7123494148254,0.006432795,0.00282381,-12.1484995,-12.188368,-12.196137,-0.514693,0.019756516,-0.520821,-0.53046346,-0.39384827,-0.37269732,0.19701993,-0.32198268,-1.2864585,-0.060982984,-0.03358315733126454,0.8431678008395168,3.9354528475736165e-10,-2.330706761111909,1.7606091681619829,-0.11235910021199133,0.7586850356237859,-3.760733687596237e-09,-2.366586431625131,1.7622182503436281,-0.28954353048072523,0.06780562332085087,-0.29712224179891195,-0.4623544374447429,-0.00036034355215364133,-0.1831428462028546,0.16030830157494214,-0.15082867525404614,-1.2415294115240845,-8.670370792435156e-05,0.051333333333333335,0.22067673693033937,0.0,False,True,0.7023703703703704,0.45721574031977413,1.0,False,True,0.0,0.0,0.0,False,False,0.42733333333333334,0.4946913740460364,0.0,False,True,0,42000
500.0,0.0,500.0,500,500,500.0,0.0,500.0,500,500,-507.36844,0.0,-507.36844,-507.36844,-507.36844,-215.1817,87.56163,-227.83315,-402.32864,-114.79999,44001,665.7028238773346,0.0033151791,0.0033492395,-12.104389,-12.122608,-12.123183,-1.0147369,0.09061126,-0.9946841,-1.5068477,-0.95711803,-0.43036345,0.20646039,-0.43022346,-1.2880975,-0.16122995,-0.27534783994236134,0.8893837719987285,-1.0760726729266925e-06,-2.334894245357135,1.6772567171961317,-0.0744519215855197,0.8226121234226508,3.6243276299782036e-10,-2.3636299189688104,1.7681797305779026,-0.45435359205341275,0.37353701774302955,-0.27355765505210744,-1.3230129784556657,-5.107369710011245e-05,-0.20225715115316203,0.18718502713858617,-0.1668892283400789,-1.1497121712932192,-2.76631740891084e-05,0.3333333333333333,0.4714045207910317,0.0,False,True,0.6147407407407407,0.4866565137900305,1.0,False,True,0.0,0.0,0.0,False,False,0.32066666666666666,0.4667328524494023,0.0,False,True,0,44000
500.0,0.0,500.0,500,500,500.0,0.0,500.0,500,500,-296.16473,0.0,-296.16473,-296.16473,-296.16473,-235.58838,136.05414,-192.19699,-546.1098,-116.519714,46001,696.7722687721252,0.0035243738,0.003970797,-13.371124,-13.36507,-13.373226,-0.59232944,0.04706215,-0.5821003,-0.8661434,-0.5821003,-0.47117674,0.287972,-0.34776643,-1.3650274,-0.14205247,0.02894634480093024,0.8700742125580637,9.444643496148863e-11,-2.3404561724362667,1.7584404109198166,-0.02523719575978243,0.7928881150865746,2.9686497952864805e-09,-2.3776125291459915,1.7582250362044136,-0.3189803565858583,0.12625848733336548,-0.2564926342760667,-0.6821621632990875,-0.001270264241624408,-0.24595115044115495,0.20286246657359278,-0.18743365739659856,-1.23164798759156,-4.304872369509383e-05,0.012,0.1088852607105296,0.0,False,True,0.5394074074074074,0.4984446370876374,1.0,False,True,0.0,0.0,0.0,False,False,0.3884444444444444,0.48739651006617946,0.0,False,True,0,46000
500.0,0.0,500.0,500,500,500.0,0.0,500.0,500,500,-265.19153,0.0,-265.19153,-265.19153,-265.19153,-214.15411,91.91306,-226.3316,-374.29584,-107.328156,48001,727.950110912323,0.002947459,0.003015859,-13.107121,-13.129986,-13.104027,-0.53038305,0.021806024,-0.5279428,-0.6841228,-0.43603578,-0.42830822,0.19541836,-0.4343216,-1.1695595,-0.11410315,-0.17936897385415376,0.8008035133542953,3.407422214822527e-05,-2.3525054011708364,1.7438686902297083,-0.015689594632635848,0.7044736713857352,1.5590973125156237e-09,-2.3764359715400496,1.7728252382119103,-0.27426526615658303,0.13676916140843634,-0.2299098741983002,-0.6056315566389034,-0.00039382939911269954,-0.2217332305280849,0.15720411047356236,-0.18331144601880345,-1.1483345741421602,-8.430947510593145e-05,0.3293333333333333,0.4699711575074463,0.0,False,True,0.5294074074074074,0.4991344552218117,1.0,False,True,0.0,0.0,0.0,False,False,0.334,0.471639692986076,0.0,False,True,0,48000
500.0,0.0,500.0,500,500,500.0,0.0,500.0,500,500,-243.38864,0.0,-243.38864,-243.38864,-243.38864,-246.06944,78.24601,-236.19731,-358.8681,-117.04584,50001,783.4159908294678,0.004530199,0.0044774143,-13.427941,-13.477818,-13.464382,-0.48677728,0.005939727,-0.48729032,-0.49696904,-0.45983678,-0.4921389,0.18819995,-0.45783854,-1.4721786,-0.13743334,-0.012140307942777184,0.3879590491617586,-0.02644621688452739,-1.1393749254083039,1.090835847854167,-0.034813066092214115,0.7071662107995439,-0.0002326759792939805,-2.3544450515843227,1.7616975096983682,-0.24885676673197749,0.1306372883964525,-0.23979467845354951,-0.4439595549195595,-0.00012679046580449382,-0.24160882902275616,0.18483814641261392,-0.21333696862077386,-1.4169673826595885,-8.515805403772059e-06,0.35133333333333333,0.4773868685062695,0.0,False,True,0.4705185185185185,0.4991300854984169,0.0,False,True,0.0,0.0,0.0,False,False,0.20377777777777778,0.4028056542077437,0.0,False,True,0,50000
500.0,0.0,500.0,500,500,500.0,0.0,500.0,500,500,-260.79822,0.0,-260.79822,-260.79822,-260.79822,-270.948,82.68757,-295.2229,-356.42108,-105.43819,52001,816.0956525802612,0.0038240268,0.0032321229,-13.352458,-13.319581,-13.316103,-0.52159643,0.044869002,-0.5110376,-0.77956915,-0.4087974,-0.54189605,0.19744398,-0.57196534,-1.2576498,-0.15970013,0.015318036515519131,0.46493542369179225,-0.003031837316135211,-1.657466996601321,1.5307446022037756,-0.0026689947344407023,0.7777311225863409,4.432548332512325e-09,-2.3640038615357764,1.7340435479897054,-0.2474440032050114,0.1735803691183505,-0.334472162211298,-0.7596463744428857,-0.0003435465028258089,-0.27017036616221646,0.19464441333200858,-0.22159294320026074,-1.1673361244987306,-8.34474212009495e-06,0.35333333333333333,0.47800511387315603,0.0,False,True,0.42088888888888887,0.4937017643261623,0.0,False,True,0.0,0.0,0.0,False,False,0.2068888888888889,0.4050751492540735,0.0,False,True,0,52000
500.0,0.0,500.0,500,500,500.0,0.0,500.0,500,500,-391.66614,0.0,-391.66614,-391.66614,-391.66614,-284.2503,175.32147,-253.11969,-633.3091,-87.6707,54001,848.2595870494843,0.002375901,0.003371917,-12.528683,-12.544395,-12.520981,-0.7833323,0.047532253,-0.77366096,-1.0568384,-0.7501826,-0.56850064,0.3638281,-0.5164596,-1.5059994,-0.04809715,-0.1634942097297917,0.839553779586177,-1.8070089311419567e-09,-2.333372780781358,1.575069486748609,-0.08219621590336976,0.759484686589073,-6.634573247791648e-10,-2.351434695727145,1.722638512395419,-0.34067396670147887,0.29871527498283723,-0.18981673507650582,-0.9075826346729442,-0.04564674798770149,-0.2792211666212696,0.2718274323559537,-0.2453306946736003,-1.2543068693007875,-3.4531453587172134e-05,0.6426666666666667,0.4792141715582107,1.0,False,True,0.45496296296296296,0.4979675343784217,0.0,False,True,0.0,0.0,0.0,False,False,0.31577777777777777,0.464824884057971,0.0,False,True,0,54000
500.0,0.0,500.0,500,500,500.0,0.0,500.0,500,500,-380.56064,0.0,-380.56064,-380.56064,-380.56064,-239.81996,83.937485,-244.97958,-366.52878,-102.95712,56001,880.2362186908722,0.003958343,0.0055393274,-14.764406,-14.729368,-14.7607155,-0.7611213,0.065522954,-0.74424464,-1.0966381,-0.71043074,-0.47963992,0.19474013,-0.48225802,-1.561173,-0.0763501,-0.05193720172138001,0.7847671442249438,0.005083171615429467,-2.375749548267871,1.5628665845909397,-0.04877148716499542,0.8508339460151464,-2.2085897250051604e-09,-2.3788203328938367,1.792919043254924,-0.4124359588566329,0.15629943413012107,-0.3706761114505358,-0.8398427400448552,-0.14903354784262463,-0.24058173060346605,0.1773315913260051,-0.1769034517934993,-1.419960093955177,-2.1460421211261238e-05,0.018666666666666668,0.13534482709812823,0.0,False,True,0.5242222222222223,0.4994129393103639,1.0,False,True,0.0,0.0,0.0,False,False,0.17422222222222222,0.37930046072496776,0.0,False,True,0,56000
500.0,0.0,500.0,500,500,500.0,0.0,500.0,500,500,-88.71206,0.0,-88.71206,-88.71206,-88.71206,-194.40138,94.3509,-212.76964,-326.04788,-59.409546,58001,912.1698348522186,0.0028280544,0.0021767025,-13.823427,-13.799225,-13.80528,-0.17742412,0.07651467,-0.15648004,-0.68288106,-0.10145797,-0.38880274,0.21102159,-0.4250451,-1.414599,-0.034587707,0.07880657797213705,0.5086347591131404,0.034578773451772946,-1.6802706422540812,1.5962526342322205,-0.042306507141979775,0.7775983914144267,-5.154058239378781e-10,-2.3740537844889955,1.785153608564247,-0.07685649284918156,0.08085595194764307,-0.02995356396149723,-0.5743716407205326,-7.196430132219711e-05,-0.2020281132108924,0.1562600644901118,-0.16781879087614965,-1.3615201596988193,-0.00031443306780076785,0.9626666666666667,0.1895773075965464,1.0,False,True,0.514,0.4998039615689336,1.0,False,True,0.968,0.17599999999999996,1.0,False,True,0.32155555555555554,0.467073420617052,0.0,False,True,0,58000
500.0,0.0,500.0,500,500,500.0,0.0,500.0,500,500,-210.23596,0.0,-210.23596,-210.23596,-210.23596,-206.41069,138.05643,-151.89597,-502.93384,-72.246574,60001,944.1192739009857,0.0040509203,0.00399034,-14.653309,-14.656588,-14.639439,-0.42047194,0.05701019,-0.43544665,-0.4445907,-0.10510325,-0.41282138,0.29875794,-0.29453945,-1.5962689,-0.079832315,0.03982789310646112,0.7537949467085093,9.900795941400908e-08,-2.325971360732426,1.7020288581354797,-0.06685258348785247,0.7893070977528865,-9.815883044720911e-11,-2.3512191001482554,1.7269900151012336,-0.21550414696557382,0.11650558578053807,-0.22535040051081934,-0.3640718565686546,-2.921537493177917e-06,-0.20993456751088915,0.2061231113591955,-0.18287079058783623,-1.4104590503637606,-5.610604696049126e-05,0.36933333333333335,0.48262430753353297,0.0,False,True,0.5466666666666666,0.4978174587358525,1.0,False,True,0.052,0.2220270253820467,0.0,False,True,0.5148888888888888,0.49977827182427037,1.0,False,True,0,60000
500.0,0.0,500.0,500,500,500.0,0.0,500.0,500,500,-327.68817,0.0,-327.68817,-327.68817,-327.68817,-291.41272,120.78126,-299.68048,-491.5652,-128.97955,62001,976.0075039863586,0.005116307,0.0037469976,-13.849678,-13.883005,-13.866978,-0.6553763,0.07943275,-0.6371349,-1.1185937,-0.55713975,-0.5828254,0.27610874,-0.56847906,-1.4397442,-0.14824834,-0.04626484221862448,0.8095059790252623,-0.023392291480964625,-2.3406554589925728,1.6015537719585653,-0.07763772427790613,0.8034023812331599,-1.201268193277306e-08,-2.369569340694759,1.7355089590556485,-0.2950302694270956,0.2413152630873224,-0.2538626223903779,-1.0802743216203745,-8.906814232814697e-05,-0.2897964546265696,0.2337916475270308,-0.19185769575971062,-1.3976881091146809,-0.0003036842319345881,0.338,0.47302854036516656,0.0,False,True,0.5038518518518519,0.4999851630171753,1.0,False,True,0.0,0.0,0.0,False,False,0.204,0.4029689814365369,0.0,False,True,0,62000
500.0,0.0,500.0,500,500,500.0,0.0,500.0,500,500,-430.2735,0.0,-430.2735,-430.2735,-430.2735,-193.58926,79.20442,-159.5025,-333.46524,-94.559,64001,1007.927651643753,0.004597027,0.0028586783,-14.968294,-14.981716,-14.981107,-0.860547,0.09057736,-0.84899193,-1.2688096,-0.69641507,-0.3871785,0.18721795,-0.32116315,-1.257924,-0.012627385,-0.2071879215772169,0.7168129809599023,-0.01670391894611621,-2.334981622164079,1.6402674579318135,-0.046074969241942425,0.7329653488599399,1.4469254254033393e-09,-2.379076471311614,1.7296523842915628,-0.41393234854076066,0.27971737176992534,-0.2742783127890128,-1.1461329781139244,-0.04920147212000181,-0.19417262417152265,0.15475652961842065,-0.17061400607549182,-1.1873044504734565,-0.00028526490547786665,0.242,0.42829429134649927,0.0,False,True,0.6234814814814815,0.4845124598306411,1.0,False,True,0.0,0.0,0.0,False,False,0.35155555555555557,0.4774560156847751,0.0,False,True,0,64000
500.0,0.0,500.0,500,500,500.0,0.0,500.0,500,500,-49.59405,0.0,-49.59405,-49.59405,-49.59405,-211.07129,120.16951,-198.34818,-493.0314,-89.63397,66001,1039.9314312934875,0.0045782635,0.003457406,-14.276049,-14.253969,-14.239918,-0.099188104,0.20021379,-0.048016667,-1.1156213,-0.04714404,-0.42214257,0.26196375,-0.38258368,-1.3581084,-0.1370683,-0.17387590648024048,0.8305893295033752,-3.232861748619158e-07,-2.3271249067208752,1.721960385515724,-0.05355004613246575,0.7606027859181914,-1.0498488498489941e-10,-2.378122051297025,1.7305884980306319,-0.04044657637434894,0.12249633859909559,-0.01003047619940134,-1.0976254486389587,-0.00012985255428341058,-0.20691940098591563,0.19864745776709036,-0.1419086687547893,-1.3433835229305928,-0.00030419188565977695,0.9726666666666667,0.16305282034427437,1.0,False,True,0.6457777777777778,0.47827694854150443,1.0,False,True,0.938,0.24115555146004827,1.0,False,True,0.32266666666666666,0.4674964052149373,0.0,False,True,0,66000
500.0,0.0,500.0,500,500,500.0,0.0,500.0,500,500,-364.76965,0.0,-364.76965,-364.76965,-364.76965,-189.01953,109.34878,-144.9057,-436.3934,-83.71916,68001,1071.9117653369904,0.0026958727,0.0043409085,-14.76688,-14.773969,-14.77077,-0.72953933,0.14474691,-0.69270253,-1.4466053,-0.6759396,-0.37803903,0.24237163,-0.2810554,-1.4174426,-0.056550585,-0.16758819077408743,0.8621109929502221,-3.3294065734018534e-08,-2.356402676931658,1.7386007010881144,-0.08271052339984752,0.7934508565502622,-2.503691789440734e-09,-2.346884588989371,1.7245327206378864,-0.36848383727680295,0.22048302922024998,-0.3011239108878597,-1.3935861693354292,-0.07531822848290869,-0.1905132779915411,0.17585183536838664,-0.13717035776134778,-1.2261370423288187,-0.00011605970464578785,0.3333333333333333,0.4714045207910317,0.0,False,True,0.6878518518518518,0.4633699189155786,1.0,False,True,0.0,0.0,0.0,False,False,0.5364444444444444,0.49867003365866674,1.0,False,True,0,68000
500.0,0.0,500.0,500,500,500.0,0.0,500.0,500,500,-73.79802,0.0,-73.79802,-73.79802,-73.79802,-231.20378,146.14224,-180.59132,-470.70892,-30.12294,70001,1104.7324924468994,0.003722468,0.005421464,-16.172544,-16.1734,-16.18971,-0.14759603,0.10269488,-0.11511618,-0.7048921,-0.07657488,-0.46240762,0.3037399,-0.35684404,-1.419156,-0.03276283,-0.0459813737909614,0.6504959845518622,0.0018628286970408185,-2.2192308922473174,1.628835968863956,-0.026691094030029817,0.83131212524549,3.0669327179443815e-10,-2.370014958342658,1.7587904924634856,-0.06931218287686582,0.07728366784912576,-0.050937056331466446,-0.5732948337570241,-8.616317436851983e-05,-0.24047240380814988,0.21023620817940614,-0.16099125862572544,-1.315058679415486,-5.146575543724108e-05,0.9526666666666667,0.2123508626987159,1.0,False,True,0.5085185185185185,0.4999274295757831,1.0,False,True,0.922,0.2681715868618449,1.0,False,True,0.3233333333333333,0.46774874547013906,0.0,False,True,0,70000
500.0,0.0,500.0,500,500,500.0,0.0,500.0,500,500,-145.97076,0.0,-145.97076,-145.97076,-145.97076,-252.93855,113.80147,-247.4275,-498.00427,-100.396286,72001,1138.3150532245636,0.0042775464,0.0044700727,-15.721102,-15.709905,-15.6722975,-0.29194152,0.046200782,-0.30530486,-0.32425532,-0.04219444,-0.50587714,0.25972375,-0.45633695,-1.5357163,-0.04306716,0.16206806799100287,0.7992150998247929,0.002139412989047712,-2.1248446486473394,1.5930124283110623,-0.09714689656147121,0.8150131013987044,-2.7340763334749156e-09,-2.355206384456558,1.7212507109289097,-0.1431297792213115,0.09292644159326169,-0.10245444600252407,-0.29135572013092564,-0.0014709482693152087,-0.25862350049580757,0.20224550760911011,-0.2169323502318574,-1.3414248368277608,-0.0010146247710570155,0.696,0.45998260836688165,1.0,False,True,0.47274074074074074,0.49925637981365495,0.0,False,True,0.192,0.3938730760029175,0.0,False,True,0.31444444444444447,0.46429423408273024,0.0,False,True,0,72000
500.0,0.0,500.0,500,500,500.0,0.0,500.0,500,500,-134.11594,0.0,-134.11594,-134.11594,-134.11594,-164.3633,125.36033,-105.45037,-470.8278,-57.90085,74001,1171.655254125595,0.0045643,0.0049482305,-17.469574,-17.472221,-17.419338,-0.26823187,0.06796825,-0.25607884,-0.66520166,-0.20830208,-0.32872656,0.281583,-0.21143572,-1.3769615,-0.045705874,0.07424581248075243,0.7854851422114858,0.004159548387629233,-2.365071895111405,1.6700745584519239,0.008779066450163221,0.7752702662617941,-1.4218681832603439e-09,-2.3863800245400815,1.7302345485024053,-0.14257883693346174,0.07206905591726144,-0.16470666692842303,-0.656888936597152,-0.002331686205736816,-0.16080726164698514,0.19128793483093282,-0.09855241150908586,-1.249597373781838,-4.034167788355414e-05,0.9813333333333333,0.13534482709812823,1.0,False,True,0.788962962962963,0.4080446128006903,1.0,False,True,0.956,0.20509509989270833,1.0,False,True,0.7326666666666667,0.44256776003480214,1.0,False,True,0,74000
500.0,0.0,500.0,500,500,500.0,0.0,500.0,500,500,-145.21906,0.0,-145.21906,-145.21906,-145.21906,-191.87149,125.92698,-108.28952,-367.85202,-66.11124,76001,1204.9566185474396,0.005785687,0.0061468533,-17.116688,-17.114855,-17.125343,-0.29043812,0.086013824,-0.2670908,-0.8088094,-0.23151125,-0.38374296,0.2791763,-0.21552901,-1.3590254,-0.047846045,0.023510630858949996,0.5968413022937806,1.6442388156309187e-07,-1.5355829798636027,1.61100079649657,-0.021698686849069615,0.744362713909568,5.414634708289372e-10,-2.3808620195803547,1.7188198199535758,-0.12750099411464344,0.11969846025140916,-0.07397751633875105,-0.7589581947438885,-0.00010341191985965836,-0.19046284845451766,0.19695159047922328,-0.10089711348079552,-1.287520168938845,-3.1405361758385375e-06,0.6593333333333333,0.4739334224222732,1.0,False,True,0.6678518518518518,0.4709838169511814,1.0,False,True,0.886,0.317811264746862,1.0,False,True,0.528,0.4992153843783262,1.0,False,True,0,76000
500.0,0.0,500.0,500,500,500.0,0.0,500.0,500,500,-170.69714,0.0,-170.69714,-170.69714,-170.69714,-223.23265,127.46557,-226.71841,-493.16672,-26.442326,78001,1237.2125062942505,0.00300108,0.004438579,-16.298,-16.31372,-16.267506,-0.34139428,0.118790865,-0.32254612,-1.0145754,-0.08329743,-0.44646528,0.27241337,-0.45316204,-1.5557748,-0.028614063,-0.17233727425687784,0.8622495048837605,-6.50575638766268e-08,-2.2567237771735043,1.7221162473732696,-0.09325886693560502,0.824340754008188,-5.6247041449540145e-12,-2.3503911771809185,1.7413232309779074,-0.17523427176133655,0.11334343923965791,-0.20250990666253654,-0.8900169545599773,-0.0013757040648844365,-0.2217120457310615,0.20499723858354715,-0.18057206182396374,-1.397599197350092,-1.462850282002437e-05,0.35933333333333334,0.47980505300474785,0.0,False,True,0.5228148148148148,0.49947921300587245,1.0,False,True,0.036,0.18629009635512025,0.0,False,True,0.3317777777777778,0.47085165811603263,0.0,False,True,0,78000
500.0,0.0,500.0,500,500,500.0,0.0,500.0,500,500,-310.86493,0.0,-310.86493,-310.86493,-310.86493,-216.68338,115.465454,-193.0971,-410.0934,-64.911354,80001,1269.992906332016,0.014688823,0.0134681985,-16.505753,-16.476725,-16.505613,-0.62172985,0.14890425,-0.5852325,-1.3997288,-0.58463264,-0.43336672,0.2617968,-0.3475555,-1.3026713,-0.081166536,-0.09518363804571589,0.9342723651110347,-2.1970824091163826e-08,-2.371141065667969,1.7269785263671344,-0.031147225380516366,0.8809291747728277,-2.2981902781479905e-09,-2.370677606715451,1.7514975369221932,-0.2937877855982678,0.22344773969346227,-0.2770159620067618,-1.3665435138713051,-0.0026282772459416126,-0.20228714425631034,0.2110166061928725,-0.13464594924217782,-1.2671238622468937,-0.0002622056288507091,0.3333333333333333,0.4714045207910317,0.0,False,True,0.7132592592592593,0.4522394148459332,1.0,False,True,0.0,0.0,0.0,False,False,0.42155555555555557,0.49380812988022227,0.0,False,True,0,80000
500.0,0.0,500.0,500,500,500.0,0.0,500.0,500,500,-153.04674,0.0,-153.04674,-153.04674,-153.04674,-198.00072,71.554596,-203.24773,-330.77856,-111.46365,82001,1301.948489665985,0.0045964653,0.0046028728,-18.660656,-18.683693,-18.696453,-0.30609348,0.19548507,-0.2573638,-1.3587745,-0.2564264,-0.39600146,0.19273487,-0.36998037,-1.4032522,-0.007358702,-0.16407225414122437,0.814607620045008,-1.7015824558678632e-11,-2.0693837235166153,1.7316808273320807,-0.06040941332199693,0.8218121084009383,-3.8093358538024437e-10,-2.369849038940901,1.7389846901654082,-0.13537737233988487,0.16013172213351595,-0.08944618170038648,-1.1927414267319494,-0.0003584877618183213,-0.19472340502963315,0.16351582776006435,-0.14200585648765096,-1.3056761172593572,-2.3587575948114115e-05,0.6506666666666666,0.4767594315328807,1.0,False,True,0.6117037037037037,0.4873625781478048,1.0,False,True,0.898,0.3026483107502833,1.0,False,True,0.42088888888888887,0.49370176432616225,0.0,False,True,0,82000
500.0,0.0,500.0,500,500,500.0,0.0,500.0,500,500,-147.48203,0.0,-147.48203,-147.48203,-147.48203,-232.28802,115.12758,-155.54355,-431.49268,-113.10262,84001,1334.1505944728851,0.004720973,0.0061811516,-17.381313,-17.397682,-17.356728,-0.29496405,0.21132618,-0.24401663,-1.4231535,-0.21946846,-0.46457607,0.2710836,-0.27527356,-1.4406853,-0.025123877,-0.07232165309379725,0.7297823501545597,-4.554993424037767e-06,-2.3281012037284095,1.7174377000605825,-0.09633664009117791,0.8122563272474624,-2.6212396530439028e-08,-2.355348576487253,1.7488998526242712,-0.1459719443072923,0.15026546234687663,-0.1543770911152735,-1.356871403227239,-0.0022462207798667477,-0.22980567219090842,0.2088741884174425,-0.1580224997725867,-1.3733377339803723,-4.3637582658823115e-05,0.9433333333333334,0.23120457511813114,1.0,False,True,0.652,0.47633601585435464,1.0,False,True,0.926,0.26177089219391825,1.0,False,True,0.5237777777777778,0.4994342972643655,1.0,False,True,0,84000
500.0,0.0,500.0,500,500,500.0,0.0,500.0,500,500,-145.726,0.0,-145.726,-145.726,-145.726,-277.7594,87.7353,-271.72382,-473.1493,-156.57593,86001,1367.6310682296753,0.0054065427,0.0059641413,-17.80864,-17.806166,-17.761051,-0.291452,0.1745114,-0.2502835,-1.2801701,-0.21226853,-0.55551875,0.21998195,-0.522214,-1.4962978,-0.017776154,-0.0102216513155302,0.7136099386870876,-3.231850902670243e-06,-2.116757755759507,1.7351859064160122,-0.12538894389425032,0.8321612966375791,-1.8691844508602213e-08,-2.388220304754896,1.7555410983247255,-0.15158830124154268,0.12444739404521903,-0.10426294170736838,-1.0966442172455353,-0.007134764015862383,-0.27816905421456506,0.20400910673426986,-0.23716804188662777,-1.4010154109782884,-5.6506060664263114e-05,0.6406666666666667,0.4798050530047478,1.0,False,True,0.36,0.48,0.0,False,True,0.916,0.277387815161373,1.0,False,True,0.09177777777777778,0.2887119971250773,0.0,False,True,0,86000
500.0,0.0,500.0,500,500,500.0,0.0,500.0,500,500,-352.4192,0.0,-352.4192,-352.4192,-352.4192,-171.39977,104.28424,-130.45863,-418.6786,-57.70901,88001,1400.574292421341,0.0045592957,0.0062390193,-18.023857,-18.06572,-18.037607,-0.7048384,0.15076832,-0.6670866,-1.5048076,-0.66429585,-0.34279954,0.23851734,-0.24629933,-1.2747625,-0.05076686,-0.08837897113688396,0.9919265294706966,-2.4529293122862413e-09,-2.3398992653097337,1.7149630972233032,-0.06067425615067544,0.8107454860462407,1.3681206362983452e-10,-2.369171348771446,1.7166488900364334,-0.3538175730352447,0.21906434933818808,-0.32511195835522083,-1.39839102603776,-0.10523469878657804,-0.16761671186091776,0.17331663637829758,-0.13761085598564593,-1.273479883608203,-0.00016736035655379178,0.3233333333333333,0.467748745470139,0.0,False,True,0.7957037037037037,0.40318645762960864,1.0,False,True,0.0,0.0,0.0,False,False,0.7366666666666667,0.4404416974911536,1.0,False,True,0,88000
500.0,0.0,500.0,500,500,500.0,0.0,500.0,500,500,-370.16193,0.0,-370.16193,-370.16193,-370.16193,-208.65883,97.583916,-177.22165,-388.9355,-85.63252,90001,1433.0261962413788,0.003265684,0.004395388,-17.22754,-17.276005,-17.230875,-0.74032384,0.08656369,-0.71831703,-1.2286077,-0.718317,-0.41731763,0.23789525,-0.3099749,-1.3898561,-0.04297171,0.11255457097669098,0.8984841133758981,2.0848356948487495e-10,-2.373446803917968,1.651023487616734,-0.05030888940324412,0.83209728841488,-5.870261465107276e-09,-2.381728407114075,1.7354740977798813,-0.3959384455666892,0.16859310332392752,-0.46914483176636823,-1.081740779880389,-0.1620162953407392,-0.18705042137736555,0.20476374607098152,-0.11264836651238613,-1.295585726704266,-0.00014184270631312224,0.31133333333333335,0.4630387552774486,0.0,False,True,0.6791851851851852,0.4667897486129605,1.0,False,True,0.0,0.0,0.0,False,False,0.4122222222222222,0.49223476281993234,0.0,False,True,0,90000
500.0,0.0,500.0,500,500,500.0,0.0,500.0,500,500,-276.84842,0.0,-276.84842,-276.84842,-276.84842,-129.18787,40.687943,-122.786255,-204.70093,-88.54509,92001,1465.1723184585571,0.006066329,0.0031854478,-17.14777,-17.081226,-17.07911,-0.5536968,0.10780084,-0.52351874,-1.0736248,-0.5232365,-0.25837576,0.14522663,-0.21659958,-1.4930109,-0.08554436,-0.18530591401507907,0.6819791996254351,-4.615251422545607e-05,-2.344881078862665,1.5754074353724214,0.005072117661796272,0.7810894962426703,-4.056865399453196e-10,-2.3821119180912778,1.728542542814199,-0.27386318715325625,0.17625558860114487,-0.24197376221907707,-0.8259486045889771,-0.06715217731477674,-0.13018099856354573,0.11106682556712959,-0.11615321271625223,-1.2590181906733213,-8.637214870921284e-05,0.318,0.4656994739099455,0.0,False,True,0.7631851851851852,0.42512769646194515,1.0,False,True,0.0,0.0,0.0,False,False,0.7506666666666667,0.4326271168364533,1.0,False,True,0,92000
500.0,0.0,500.0,500,500,500.0,0.0,500.0,500,500,-353.3911,0.0,-353.3911,-353.3911,-353.3911,-213.0766,153.40283,-172.31535,-484.78647,-55.350815,94001,1498.6949615478516,0.0069535924,0.0041640415,-18.161718,-18.172052,-18.151012,-0.7067822,0.086176164,-0.680542,-1.1171424,-0.6724162,-0.42615318,0.33117864,-0.34084737,-1.5940377,-0.045367543,-0.2676136836278113,0.7622084336430759,-0.046515091761315616,-2.353380808548013,1.722819054319051,-0.06814195087776367,0.8311984335323087,-3.7901522391681343e-10,-2.3768966056900607,1.7373727132614227,-0.2894846841303534,0.29186942869233284,-0.07303223614451596,-0.995289396654686,-0.003008745453668249,-0.20330055468225675,0.23614437108666497,-0.1236310790527673,-1.4113217740642583,-1.9233405427976358e-05,0.6273333333333333,0.48351444882466776,1.0,False,True,0.6392592592592593,0.4802154294798975,1.0,False,True,0.0,0.0,0.0,False,False,0.42,0.4935585071701227,0.0,False,True,0,94000
500.0,0.0,500.0,500,500,500.0,0.0,500.0,500,500,-78.08731,0.0,-78.08731,-78.08731,-78.08731,-160.95944,98.74065,-109.69229,-399.6235,-86.85864,96001,1530.9006350040436,0.003259385,0.0054526245,-17.72625,-17.714636,-17.701565,-0.15617462,0.07490453,-0.13898249,-0.57094145,-0.13656336,-0.3219189,0.23013629,-0.18981269,-1.258504,-0.06446085,-0.14627230145949244,0.684794119095293,-4.034796685846645e-10,-1.639956904346903,1.5179764962967117,-0.10798196873587441,0.7632764718594485,-1.5967829612753605e-07,-2.35224970584806,1.7243525688861727,-0.07484660026494497,0.06632032887151541,-0.04978594752110527,-0.35301672706420867,-0.0006951689667636929,-0.1449609027616722,0.17659132874692055,-0.08884168916818042,-1.232898420601544,-5.236506992878365e-05,0.9586666666666667,0.1990600132846597,1.0,False,True,0.8345185185185185,0.3716145325040123,1.0,False,True,0.954,0.2094850830011531,1.0,False,True,0.6255555555555555,0.4839791343323964,1.0,False,True,0,96000
500.0,0.0,500.0,500,500,500.0,0.0,500.0,500,500,-306.81454,0.0,-306.81454,-306.81454,-306.81454,-204.51866,107.122086,-197.73004,-423.44992,-70.93636,98001,1562.8416683673859,0.0028295335,0.0042209625,-17.515423,-17.53701,-17.522478,-0.6136291,0.031056345,-0.6188581,-0.6608987,-0.3993647,-0.40903732,0.24414627,-0.3930072,-1.4893667,-0.012771945,-0.02300357302924201,0.7443742296109326,0.020183601062335424,-2.3437933385272385,1.6704560234387875,-0.07129656713553593,0.774508830249829,-1.9019513662704843e-11,-2.3400392717198115,1.7342091015491283,-0.3439679411782973,0.08672431759028087,-0.3954297202823037,-0.5854303179135777,-0.008589215182682297,-0.2021426148713016,0.18648861773018377,-0.14115838876972947,-1.403002703899443,-0.0001287937160874275,0.03333333333333333,0.17950549357115014,0.0,False,True,0.6117777777777778,0.4873455944143353,1.0,False,True,0.0,0.0,0.0,False,False,0.39555555555555555,0.4889696902924468,0.0,False,True,0,98000
500.0,0.0,500.0,500,500,500.0,0.0,500.0,500,500,-237.06659,0.0,-237.06659,-237.06659,-237.06659,-154.665,90.6058,-145.94061,-396.1566,-71.67293,100001,1618.8719742298126,0.0067883646,0.005429156,-18.51122,-18.455753,-18.468338,-0.4741332,0.035497647,-0.47996658,-0.5373954,-0.2375877,-0.30933002,0.22317521,-0.24837175,-1.2340147,-0.044400286,-0.10216315410585106,0.8346466043850231,1.2316663588427812e-09,-2.36760654423138,1.4120300135701829,-0.022281068223190405,0.6557144131751426,-4.947895216887497e-11,-2.333827040016986,1.7221781398113454,-0.24253033479076308,0.12858129301901144,-0.3164608583253151,-0.48995817302188127,-0.0008478324292741091,-0.14582001773820322,0.1650270592605451,-0.10473160561872497,-1.0712913034274025,-0.0002768973484725823,0.35,0.47696960070847283,0.0,False,True,0.7984444444444444,0.4011619543030557,1.0,False,True,0.018,0.132951118836962,0.0,False,True,0.7313333333333333,0.4432661603245716,1.0,False,True,0,100000
500.0,0.0,500.0,500,500,500.0,0.0,500.0,500,500,-53.316498,0.0,-53.316498,-53.316498,-53.316498,-163.9986,55.255047,-153.43315,-293.4627,-98.0875,102001,1651.798924446106,0.004413073,0.007862495,-19.485247,-19.518791,-19.48449,-0.10663299,0.2244491,-0.047194194,-1.2656816,-0.043146584,-0.32799724,0.15008628,-0.2966467,-1.131617,-0.050011627,-0.17341564855567,0.8170693286732376,-5.1448645976582185e-08,-2.3242457000129124,1.7232737686802428,0.013818881790680618,0.6626832134172499,-2.169436525672918e-09,-2.3752095172403695,1.660853625572163,-0.0476778045012177,0.13531255968663863,-0.014985180185048741,-1.2094074488073276,-7.380171941828717e-05,-0.16252254140470437,0.1302143605058497,-0.13168444385730474,-0.8868738874123485,-7.265964608699216e-05,0.964,0.18629009635512028,1.0,False,True,0.6212592592592593,0.48507338830727015,1.0,False,True,0.936,0.2447529366524537,1.0,False,True,0.5182222222222223,0.4996678402872092,1.0,False,True,0,102000
500.0,0.0,500.0,500,500,500.0,0.0,500.0,500,500,-111.740875,0.0,-111.740875,-111.740875,-111.740875,-175.6846,82.4074,-131.01257,-317.00885,-75.81966,104001,1683.9051973819733,0.004284133,0.0040720403,-19.321686,-19.286263,-19.294294,-0.22348174,0.13287054,-0.19209501,-0.9670571,-0.048076667,-0.35136917,0.20314898,-0.2695496,-1.252609,-0.03576881,-0.106870210060857,0.7469988946837487,-8.621798425432242e-06,-2.3421566706551697,1.5893657516144437,-0.02951143513820895,0.7581047380514904,8.824601375858433e-11,-2.3614436356697515,1.7303818223323715,-0.1145735407202133,0.09698346335984086,-0.10827081466288901,-0.8767969260156101,-0.00028271500026627594,-0.17453602168826537,0.15635571209515658,-0.11074782088316423,-1.1925547922181914,-0.0003675668870291582,0.94,0.23748684174075835,1.0,False,True,0.7401481481481481,0.43855315178552196,1.0,False,True,0.916,0.27738781516137306,1.0,False,True,0.5522222222222222,0.49726536125711873,1.0,False,True,0,104000
500.0,0.0,500.0,500,500,500.0,0.0,500.0,500,500,-237.46115,0.0,-237.46115,-237.46115,-237.46115,-149.16669,41.594128,-146.77806,-212.9119,-54.921772,106001,1715.9523994922638,0.004164687,0.0057082484,-19.773266,-19.804543,-19.780552,-0.4749223,0.073094234,-0.46072936,-0.9083466,-0.43990883,-0.29833335,0.18112952,-0.27646303,-1.4816126,-0.039915927,-0.19741821500974632,0.6806344446578083,-2.9587929922781643e-09,-2.357571316814547,1.6168727399108145,-0.054741165011371516,0.7419824766943272,1.7266290029305251e-12,-2.340718589313667,1.7340996838715919,-0.24515520038112282,0.12985978284479707,-0.18479209300950672,-0.632590776771071,-0.005132567072609673,-0.14716826398738686,0.13764107676316176,-0.1162822426249491,-1.37844341974144,-0.00011362084449267895,0.6353333333333333,0.4813365650861036,1.0,False,True,0.7235555555555555,0.4472392129277653,1.0,False,True,0.0,0.0,0.0,False,False,0.5451111111111111,0.497960829437739,1.0,False,True,0,106000
500.0,0.0,500.0,500,500,500.0,0.0,500.0,500,500,-72.76643,0.0,-72.76643,-72.76643,-72.76643,-210.4734,84.60665,-174.81042,-399.56082,-132.38353,108001,1747.9960525035858,0.0025323343,0.0048596743,-17.873035,-17.902729,-17.87788,-0.14553286,0.22747052,-0.087126106,-1.347695,-0.07268147,-0.42094684,0.18199013,-0.35293543,-0.98655206,-0.053784322,-0.08256112636578813,0.7653264167838747,-9.366977048690643e-07,-1.7093540345424416,1.7198123160605392,-0.04946048455729743,0.7027399796265593,2.4888669276746134e-08,-2.366781466725636,1.653036948591574,-0.07430183681267173,0.13706489987048115,-0.05988979712265535,-1.1633088655169814,-7.743770591817078e-05,-0.2037156139153977,0.16913158452446428,-0.1669572718220505,-0.8483504115968288,-0.0003503308712949904,0.9473333333333334,0.2233671616171206,1.0,False,True,0.6157777777777778,0.4864108409285709,1.0,False,True,0.938,0.24115555146004827,1.0,False,True,0.22511111111111112,0.4176554785531157,0.0,False,True,0,108000
500.0,0.0,500.0,500,500,500.0,0.0,500.0,500,500,-168.40509,0.0,-168.40509,-168.40509,-168.40509,-264.40765,122.571846,-209.9841,-472.56677,-114.37831,110001,1780.7376754283905,0.005773549,0.0055554034,-18.588339,-18.570374,-18.609148,-0.33681017,0.17358041,-0.2982465,-1.3646021,-0.27236992,-0.52881527,0.28358337,-0.4407597,-1.5867096,-0.077008985,-0.03696540761611243,0.8781435791834307,-8.445797713207392e-05,-2.3293759268162195,1.742992065217875,-0.1060018905323806,0.8401536383560226,-4.256488408763205e-09,-2.380261509583121,1.7319718686046186,-0.16709324099132536,0.1411982185243725,-0.18278528291806015,-1.3039867766041033,-0.0004348728729000051,-0.26238675030021474,0.2262186906478103,-0.19394376409779107,-1.3892800223570068,-0.0007197522194599126,0.644,0.4788152044369519,1.0,False,True,0.5365925925925926,0.49865918438082796,1.0,False,True,0.914,0.28036404905051576,1.0,False,True,0.21955555555555556,0.4139455442207911,0.0,False,True,0,110000
500.0,0.0,500.0,500,500,500.0,0.0,500.0,500,500,-60.86399,0.0,-60.86399,-60.86399,-60.86399,-159.90791,63.394535,-132.6632,-295.41037,-74.00722,112001,1813.4310128688812,0.0054014167,0.0059092576,-18.868576,-18.894989,-18.862427,-0.12172798,0.109875634,-0.09879607,-0.73477465,-0.054889552,-0.3198158,0.17474088,-0.2342369,-1.4688365,-0.07511274,0.10456963145542147,0.5492078764156662,-0.0011976829959661765,-1.3315655416782533,1.5813921881986883,-0.031491143139135404,0.7499216030154152,2.7510176250746187e-08,-2.3669763456112056,1.7336238163913407,-0.06887282835775815,0.06496142125527267,-0.05446420900444915,-0.45597286152342553,-0.0005480520350225893,-0.16849865026513167,0.1260173928592718,-0.14543008126198453,-1.248177109851684,-8.938061357421923e-05,0.9553333333333334,0.2065709455745303,1.0,False,True,0.7196296296296296,0.4491801707430458,1.0,False,True,0.95,0.21794494717703367,1.0,False,True,0.5277777777777778,0.49922779876698414,1.0,False,True,0,112000
500.0,0.0,500.0,500,500,500.0,0.0,500.0,500,500,-310.83075,0.0,-310.83075,-310.83075,-310.83075,-140.11261,64.81845,-137.14197,-276.83112,-54.25103,114001,1845.5366446971893,0.0075961193,0.0041444004,-19.608763,-19.593185,-19.576397,-0.6216615,0.06815184,-0.604674,-0.94544405,-0.60129917,-0.28022522,0.19543166,-0.24913582,-1.3682578,-0.04341703,-0.027890591844306117,0.7257032458057874,9.24011170227389e-08,-2.352447768325867,1.6059496172376497,-0.08362789702637909,0.7440455195626611,-6.624963585193941e-08,-2.3733492908411393,1.732589420206846,-0.3101399461764747,0.18488498986160998,-0.18643105417912587,-0.7903064164839039,-0.0003269517899261998,-0.14305436466415988,0.13580138310017684,-0.1254946588234444,-1.3244437372976736,-0.00017527178530202248,0.634,0.4817094560001911,1.0,False,True,0.8162222222222222,0.3873028610439632,1.0,False,True,0.0,0.0,0.0,False,False,0.7086666666666667,0.45437674040626486,1.0,False,True,0,114000
500.0,0.0,500.0,500,500,500.0,0.0,500.0,500,500,-158.16733,0.0,-158.16733,-158.16733,-158.16733,-163.65105,94.67487,-130.85721,-415.12106,-87.35916,116001,1877.9914968013763,0.0046986947,0.0047706803,-19.665043,-19.684784,-19.678705,-0.31633466,0.13275093,-0.28332135,-1.0555838,-0.2810533,-0.32730207,0.22724384,-0.2365033,-1.2996141,-0.021404054,-0.07647464695022643,0.9360919141215392,-4.077324714172635e-08,-2.3433570616694435,1.715056096477381,-0.06418089907717547,0.7173457453713257,-4.784653934909898e-11,-2.363953986199968,1.7175308874638562,-0.1577802564976809,0.11973104360618614,-0.10344177129122184,-1.0070950978377704,-0.00954619232389442,-0.16441463125842326,0.16090357765481572,-0.13253228692174823,-1.1896280142724973,-1.0735325183253153e-06,0.6446666666666667,0.47861420325305387,1.0,False,True,0.7560740740740741,0.42944856337762455,1.0,False,True,0.916,0.27738781516137306,1.0,False,True,0.7224444444444444,0.4477928864283157,1.0,False,True,0,116000
500.0,0.0,500.0,500,500,500.0,0.0,500.0,500,500,-80.602844,0.0,-80.602844,-80.602844,-80.602844,-191.80377,111.23695,-165.00598,-367.41052,-61.73491,118001,1911.5349764823914,0.0048268,0.005968685,-18.912397,-18.877947,-18.885862,-0.1612057,0.21107768,-0.10703882,-1.276063,-0.10703879,-0.38360754,0.25122836,-0.33304223,-1.30219,-0.06024551,-0.15938761025281434,0.8134228387331265,-3.2575617844216283e-09,-2.3227625408074495,1.715668993538151,-0.0049558668137355604,0.7961758527165467,1.3884756333193854e-10,-2.3806008095117632,1.7304471377111466,-0.07843379793303529,0.13176426694343193,-0.04719094751085673,-1.1708310944653493,-0.016683073439845764,-0.18549050901633227,0.18890054721728083,-0.10288770016506654,-1.1567607497952868,-6.0058257766781864e-05,0.9513333333333334,0.21517021685684617,1.0,False,True,0.6179259259259259,0.48589451117965204,1.0,False,True,0.932,0.25174590364095306,1.0,False,True,0.4186666666666667,0.4933405404878955,0.0,False,True,0,118000
500.0,0.0,500.0,500,500,500.0,0.0,500.0,500,500,-81.23195,0.0,-81.23195,-81.23195,-81.23195,-176.6338,97.306046,-166.93076,-383.90497,-45.76706,120001,1944.1955881118774,0.007447035,0.007254062,-19.929808,-19.921726,-19.900648,-0.1624639,0.07554702,-0.14501312,-0.61920214,-0.14294085,-0.35326764,0.23289679,-0.31483388,-1.3686078,-0.032785676,0.0410509967277938,0.601201887534435,6.669671648696759e-05,-1.8762997031990156,1.5804083034895817,-0.015083503594647734,0.7290648912460126,-7.620116730281425e-09,-2.3588273005922913,1.6904229470000722,-0.08380986005115218,0.06063439298361848,-0.054668886595235264,-0.4492876669928536,-0.03686655224023733,-0.1710134401511923,0.1744535612072824,-0.1194829966776953,-1.1848569580982944,-0.00022350564372608517,0.9653333333333334,0.18293411078551997,1.0,False,True,0.7236296296296296,0.44720217883158253,1.0,False,True,0.958,0.20058913230780978,1.0,False,True,0.43444444444444447,0.4956838398977745,0.0,False,True,0,120000
500.0,0.0,500.0,500,500,500.0,0.0,500.0,500,500,-101.97041,0.0,-101.97041,-101.97041,-101.97041,-241.3058,134.49234,-194.9233,-505.42914,-44.91639,122001,1977.840276479721,0.0061701527,0.0037930459,-19.39582,-19.427086,-19.454048,-0.20394082,0.07665626,-0.18924637,-0.68743074,-0.10428478,-0.48261154,0.28918594,-0.38938645,-1.4572036,-0.02060843,0.14934240381034292,0.5198699077846753,0.004464626319311736,-1.2678147466036696,1.6289965728858533,-0.014426557356886848,0.8550602731534005,3.7381094110688246e-11,-2.395400821567631,1.7445967416312629,-0.09744319728280978,0.07954561315532038,-0.1169380474800439,-0.556685154024724,-9.214126771478481e-05,-0.22994909787331969,0.2294287686937978,-0.2022519642416138,-1.3238198415889766,-4.222329837211269e-06,0.9606666666666667,0.19438678510182275,1.0,False,True,0.47229629629629627,0.4992319148462941,0.0,False,True,0.958,0.20058913230780978,1.0,False,True,0.31022222222222223,0.46258447343347836,0.0,False,True,0,122000
500.0,0.0,500.0,500,500,500.0,0.0,500.0,500,500,-52.865135,0.0,-52.865135,-52.865135,-52.865135,-169.98619,66.749275,-152.79114,-292.32684,-62.856384,124001,2010.9155116081238,0.005123204,0.0054531107,-20.5444,-20.544003,-20.538553,-0.10573027,0.15420614,-0.062182456,-0.9418654,-0.050123762,-0.3399724,0.19118173,-0.26011765,-1.4829346,-0.043719113,-0.05725397789485502,0.713440511573264,8.554127407527233e-07,-2.0980313954480225,1.6396654461690718,-0.014596021335158192,0.7771258715061099,1.6852965399178705e-15,-2.385949714520546,1.7182773309625028,-0.05271906634418627,0.09419930860973054,-0.017891620709356,-0.7602507815812041,-0.001852580272673876,-0.16997480573777096,0.1477129970769082,-0.12962170597878273,-1.2566426673108166,-4.361350096265815e-05,0.9453333333333334,0.22732844569525876,1.0,False,True,0.6855555555555556,0.4642942340827303,1.0,False,True,0.93,0.2551470164434615,1.0,False,True,0.5255555555555556,0.4993464865003527,1.0,False,True,0,124000
500.0,0.0,500.0,500,500,500.0,0.0,500.0,500,500,-76.44536,0.0,-76.44536,-76.44536,-76.44536,-202.98196,108.98445,-234.32214,-378.88257,-55.002007,126001,2042.8401682376862,0.00462702,0.0051885615,-19.967152,-19.970842,-19.948523,-0.15289071,0.06869549,-0.13483486,-0.59500337,-0.13472927,-0.40596396,0.23861504,-0.4245152,-1.4984577,-0.0069900583,0.13494810107570773,0.41162675992857173,0.003147009672721469,-1.2511731451646286,1.5622659781906982,-0.01063110458941636,0.7476163525405277,-4.799831639435164e-16,-2.379013045407864,1.7510606418775234,-0.07687598996122444,0.05877892836466308,-0.046744985225777,-0.46063722581271505,-0.0016483569600652115,-0.2058884233309677,0.1775516049753954,-0.19003603160053545,-1.367081643875406,-2.3252131506446005e-05,0.9673333333333334,0.1777626382442485,1.0,False,True,0.5481481481481482,0.49767635651083925,1.0,False,True,0.964,0.18629009635512025,1.0,False,True,0.3297777777777778,0.47013231654687215,0.0,False,True,0,126000
500.0,0.0,500.0,500,500,500.0,0.0,500.0,500,500,-88.633896,0.0,-88.633896,-88.633896,-88.633896,-167.81621,93.19478,-162.2284,-307.95105,-51.39216,128001,2074.808470249176,0.0055420287,0.006477657,-19.52199,-19.521725,-19.52222,-0.17726779,0.16225193,-0.14188537,-1.0335894,-0.0717401,-0.33563244,0.22634824,-0.27306876,-1.5053202,-0.051892728,-0.026225677545815722,0.6343135188098622,5.525538691066399e-09,-1.70477604858198,1.5744899517427737,-0.04497488897588347,0.7629282458151347,1.1934412748846087e-09,-2.3659716194237377,1.7236034932392088,-0.09625976470872837,0.09991950684971138,-0.07785556306082334,-0.8732480987337026,-0.00024885237755184475,-0.17152703106359007,0.15876405865524007,-0.11736549785435674,-1.3491486011059068,-4.557870198873548e-06,0.9586666666666667,0.19906001328465966,1.0,False,True,0.6823703703703704,0.46555455965007364,1.0,False,True,0.936,0.2447529366524537,1.0,False,True,0.5253333333333333,0.4993578098139872,1.0,False,True,0,128000
500.0,0.0,500.0,500,500,500.0,0.0,500.0,500,500,-60.92872,0.0,-60.92872,-60.92872,-60.92872,-167.67265,148.75009,-118.00189,-490.3911,-45.286392,130001,2106.7799043655396,0.0045640683,0.004776812,-20.374937,-20.399689,-20.373497,-0.121857435,0.040355604,-0.11040141,-0.36267596,-0.10774213,-0.3353453,0.32783827,-0.18103367,-1.4107248,-0.021357153,0.10719133352501999,0.48177902879146567,0.0009439749504829421,-1.170356572638725,1.552074424227006,0.029882188656844017,0.7418428384390218,5.3658619438945935e-11,-2.388209387401384,1.7197770853506298,-0.050118360194965544,0.05459627898610071,-0.019461682160921895,-0.3464985292182303,-0.00013557565092880974,-0.16430309961320488,0.21521142846423033,-0.06203741303219912,-1.2371228367171117,-0.00013032672021778824,0.9886666666666667,0.10585314775144332,1.0,False,True,0.7482962962962963,0.43399187693497426,1.0,False,True,0.978,0.14668333238647124,1.0,False,True,0.7188888888888889,0.44954160466077847,1.0,False,True,0,130000
500.0,0.0,500.0,500,500,500.0,0.0,500.0,500,500,-373.47382,0.0,-373.47382,-373.47382,-373.47382,-243.87337,159.97937,-194.91621,-513.6127,-50.422096,132001,2138.9166491031647,0.005090556,0.0063130883,-21.217794,-21.186975,-21.233252,-0.74694765,0.09503661,-0.72857916,-1.274408,-0.70570856,-0.48774675,0.33346462,-0.40513074,-1.5723567,-0.05146654,-0.09706777547834881,0.7720158841291535,7.381705652248557e-09,-2.3745109850314083,1.6250624984840316,-0.008288727367296014,0.7059479694275052,-4.239381799492502e-10,-2.3535833961231822,1.7231777815596652,-0.36955239069518236,0.2289511127793859,-0.49110754263315837,-1.1329878295719928,-0.0034575621543058432,-0.2351306149002792,0.24714119131418108,-0.1305773346494842,-1.3542530209638064,-3.474817311582834e-05,0.3313333333333333,0.47069263384458826,0.0,False,True,0.6171111111111112,0.48609154246326997,1.0,False,True,0.0,0.0,0.0,False,False,0.4275555555555556,0.4947239659336667,0.0,False,True,0,132000
500.0,0.0,500.0,500,500,500.0,0.0,500.0,500,500,-323.01678,0.0,-323.01678,-323.01678,-323.01678,-277.1872,149.3821,-279.9466,-452.63373,-21.047167,134001,2170.778443336487,0.003482774,0.0036981995,-21.004025,-20.96185,-20.98826,-0.6460336,0.12361063,-0.6109747,-1.274245,-0.60399127,-0.55437446,0.31966573,-0.53893137,-1.5829904,-0.010916022,-0.1779319639929294,0.8304216815345227,-3.220099654821224e-07,-2.3791349002707585,1.7320265103430557,-0.03301312342753259,0.8303836739360938,-1.1767340299975035e-09,-2.34833709390477,1.7461892658535576,-0.2752892114754931,0.26158904718089004,-0.12945354930160685,-1.1754149499957605,-0.00019006041838925958,-0.2726506312412684,0.24933383253434052,-0.19123733657334968,-1.3996582981079557,-1.1553776734174459e-05,0.6193333333333333,0.48555077546591935,1.0,False,True,0.5351851851851852,0.49876046629969006,1.0,False,True,0.0,0.0,0.0,False,False,0.31333333333333335,0.46384863431463885,0.0,False,True,0,134000
500.0,0.0,500.0,500,500,500.0,0.0,500.0,500,500,-240.94324,0.0,-240.94324,-240.94324,-240.94324,-263.6132,103.93201,-236.315,-447.7409,-113.55438,136001,2202.883538246155,0.004495929,0.004687604,-20.410828,-20.432411,-20.415577,-0.48188648,0.19488679,-0.45597628,-1.4728992,-0.15983759,-0.5272263,0.2381238,-0.45572203,-1.4391236,-0.011352757,-0.0438752814697895,0.6856077113085938,1.3135431639954788e-09,-1.6250112096563076,1.6650784802773988,-0.05704171781915879,0.7403631429399257,1.2675966312547226e-08,-2.3833122601725707,1.73509319512373,-0.20333886822556918,0.22072253596016075,-0.07854729278020911,-1.278787092017879,-0.0009329396923272448,-0.25736158037602774,0.2128893773686439,-0.21869125807252374,-1.4127605172028832,-1.4567355589856223e-06,0.6613333333333333,0.47325633176488574,1.0,False,True,0.4817777777777778,0.499667840287209,0.0,False,True,0.054,0.22601769842204836,0.0,False,True,0.12666666666666668,0.33259919155377127,0.0,False,True,0,136000
500.0,0.0,500.0,500,500,500.0,0.0,500.0,500,500,-125.76508,0.0,-125.76508,-125.76508,-125.76508,-224.10297,79.856415,-220.22694,-345.43494,-67.92123,138001,2234.789167165756,0.005948036,0.0059828693,-21.513954,-21.509804,-21.573479,-0.25153017,0.1325274,-0.21629618,-1.010068,-0.2162811,-0.44820592,0.1935234,-0.4362597,-1.261919,-0.09584531,-0.1342800566286404,0.8198038145687467,-3.0585615042592636e-07,-2.3261774401184927,1.7153643794354874,-0.06774308824293167,0.8010783416339385,-2.3069160405359787e-16,-2.3678680666589518,1.7251411238795102,-0.11073935673984571,0.12116286686907704,-0.04511369668884452,-0.9590474615634843,-0.02107561333801955,-0.23592109219388888,0.1542331209439898,-0.20111693314321724,-1.2032404229494877,-0.0017864459039567682,0.6773333333333333,0.4674964052149373,1.0,False,True,0.47096296296296297,0.49915613837767203,0.0,False,True,0.916,0.27738781516137306,1.0,False,True,0.22777777777777777,0.419398452224606,0.0,False,True,0,138000
500.0,0.0,500.0,500,500,500.0,0.0,500.0,500,500,-163.5263,0.0,-163.5263,-163.5263,-163.5263,-195.41937,58.76897,-215.97679,-267.6195,-58.915134,140001,2266.793520450592,0.0048881946,0.0050564,-20.981499,-20.988749,-20.987885,-0.32705262,0.034254137,-0.32799974,-0.49278256,-0.10510789,-0.39083874,0.16616634,-0.4130576,-1.4468627,-0.055166773,0.15841303372135207,0.6828089822423807,0.0013909902810884422,-1.3806279365909953,1.6203803121369509,-0.0878854192508613,0.7582336753093978,-2.6134489090621293e-10,-2.3802086923048793,1.7366836336391374,-0.1449060680891262,0.12266952826840642,-0.1304826690407789,-0.4669857667444579,-0.000351083595729329,-0.19729496315393685,0.14559102564413454,-0.16897737483157022,-1.3984347706238813,-1.1099847839590726e-05,0.6733333333333333,0.46899419565230827,1.0,False,True,0.5405925925925926,0.4983495173335797,1.0,False,True,0.034,0.18122913673027302,0.0,False,True,0.212,0.40872484632084705,0.0,False,True,0,140000
500.0,0.0,500.0,500,500,500.0,0.0,500.0,500,500,-40.498924,0.0,-40.498924,-40.498924,-40.498924,-212.54344,130.90535,-164.22726,-515.37823,-26.776226,142001,2298.7523300647736,0.0047648456,0.004668352,-20.557875,-20.554638,-20.529757,-0.08099785,0.10928204,-0.0548491,-0.7489401,-0.04984921,-0.42508692,0.27659318,-0.32639012,-1.523924,-0.01689312,-0.008585190955106294,0.5915423811463321,1.1641827210364471e-08,-1.5757038215162404,1.6323206830057708,-0.08638522324561926,0.7447627561075126,4.938291585047891e-09,-2.3543713527702,1.7328015335354823,-0.03864397990013844,0.06836944926582464,-0.019569254387726887,-0.5116094102633668,-1.9926411633175434e-05,-0.20573331578974804,0.2083459283119125,-0.15019386034752089,-1.3038179284207687,-1.650077660420024e-05,0.9666666666666667,0.17950549357115014,1.0,False,True,0.650962962962963,0.47666569397581265,1.0,False,True,0.96,0.19595917942265423,1.0,False,True,0.3426666666666667,0.4746011190697113,0.0,False,True,0,142000
500.0,0.0,500.0,500,500,500.0,0.0,500.0,500,500,-270.87006,0.0,-270.87006,-270.87006,-270.87006,-155.56166,110.50165,-102.22766,-433.3285,-56.003,144001,2330.578916311264,0.0046122903,0.004332874,-20.086582,-20.085629,-20.10899,-0.5417401,0.14037378,-0.50622195,-1.2800592,-0.5037707,-0.3111233,0.25583965,-0.19145992,-1.5151325,-0.01914748,-0.09008359844558066,0.947930698285363,-1.917217783415252e-08,-2.354592309074538,1.7174929828957242,-0.033182101339970876,0.7916559945993502,-1.9913376171980564e-09,-2.3502824340887547,1.7218693836350147,-0.24499154167174067,0.2106534264016303,-0.12091197732656322,-1.1941753602923293,-0.043001186060573154,-0.15496281427803862,0.17340819442442473,-0.08374970681978686,-1.2895461109126012,-0.00012807024016949246,0.6326666666666667,0.4820783707609745,1.0,False,True,0.7546666666666667,0.4302846602993057,1.0,False,True,0.0,0.0,0.0,False,False,0.6366666666666667,0.4809596887705062,1.0,False,True,0,144000
500.0,0.0,500.0,500,500,500.0,0.0,500.0,500,500,-143.42688,0.0,-143.42688,-143.42688,-143.42688,-195.67479,98.91378,-174.99359,-441.90152,-80.12808,146001,2362.590447664261,0.007130861,0.006828926,-22.286434,-22.286283,-22.266993,-0.28685376,0.1621071,-0.24277143,-1.1213132,-0.24243647,-0.39134955,0.24421948,-0.31256932,-1.5583307,-0.031394146,-0.05023383484607097,0.9525474677290564,-1.6142316956785817e-08,-2.344207206449133,1.7346352316798603,-0.06242084504385165,0.8026723897981802,-1.3441579751591742e-10,-2.3754470549576627,1.729450121389916,-0.12057977235314371,0.14713411932854512,-0.029458761611468764,-1.1027413968692512,-0.0062408658501686975,-0.18771696714273806,0.18893090696330478,-0.11644218441629062,-1.4174003927718286,-7.599624673471084e-05,0.642,0.47941214002150595,1.0,False,True,0.6225185185185185,0.4847568592810498,1.0,False,True,0.91,0.28618176042508364,1.0,False,True,0.33066666666666666,0.4704532093866745,0.0,False,True,0,146000
500.0,0.0,500.0,500,500,500.0,0.0,500.0,500,500,-87.00281,0.0,-87.00281,-87.00281,-87.00281,-261.26486,111.88463,-230.68382,-411.63962,-51.739517,148001,2394.5017800331116,0.0054743607,0.0047370857,-20.786564,-20.786903,-20.814615,-0.17400561,0.086173534,-0.15575731,-0.73286146,-0.15554622,-0.5225297,0.24612084,-0.41945228,-1.3283353,-0.0264807,0.011853397221263232,0.5956511450036585,0.005615801697785954,-1.4556422988257955,1.578198232719487,-0.08958785076919434,0.8169988140871328,-3.11500762527263e-09,-2.3879306485338003,1.7246193399328311,-0.09091536500283873,0.06559223626786828,-0.10603934682862254,-0.4775962175144648,-4.8066181580930234e-05,-0.2582076826401427,0.211028568388413,-0.2350072719135041,-1.29054394386352,-1.9570923940712137e-05,0.9626666666666667,0.18957730759654634,1.0,False,True,0.4117037037037037,0.4921420161501725,0.0,False,True,0.96,0.19595917942265423,1.0,False,True,0.11755555555555555,0.3220811185300689,0.0,False,True,0,148000
500.0,0.0,500.0,500,500,500.0,0.0,500.0,500,500,-120.156166,0.0,-120.156166,-120.156166,-120.156166,-206.58092,97.62913,-236.94403,-326.54044,-57.551872,150001,2447.934740781784,0.004961307,0.005117844,-22.111534,-22.118446,-22.10582,-0.24031234,0.2281647,-0.18447396,-1.4490333,-0.1250877,-0.41316184,0.22589692,-0.4876461,-1.310981,-0.089099444,-0.09063046200350898,0.7457299088739177,-4.650425902211817e-08,-1.9658632100880729,1.7230547130295122,-0.07762055778063665,0.7371035031183111,-2.7910251714641162e-08,-2.3489358732288355,1.7453988880233033,-0.11848068015639986,0.15021776430011713,-0.10709949161268134,-1.3319246877119908,-0.002609349352705806,-0.2052391512187217,0.1782907868162578,-0.12299935270232987,-1.2685797974594766,-2.3415868812659557e-05,0.9613333333333334,0.19279926233146105,1.0,False,True,0.6467407407407407,0.4779823793895113,1.0,False,True,0.928,0.25848791074245614,1.0,False,True,0.3151111111111111,0.4645601131881988,0.0,False,True,0,150000
500.0,0.0,500.0,500,500,500.0,0.0,500.0,500,500,-111.89232,0.0,-111.89232,-111.89232,-111.89232,-194.0135,84.889885,-201.27428,-319.69928,-50.418095,152001,2486.068523645401,0.004191586,0.0050833095,-21.86819,-21.881191,-21.863129,-0.22378464,0.021524483,-0.22559185,-0.33594295,-0.1112234,-0.388027,0.22515738,-0.3560489,-1.4367659,-0.033730224,-0.01764850639829442,0.7451135168078913,0.00995207608119511,-2.3272332742013626,1.4324933097885835,-0.07724217499570567,0.8545878753660437,-1.5548100163790754e-08,-2.3718874542047135,1.76030071043089,-0.10973047319232335,0.0693314226596532,-0.08339970752769264,-0.271498608243674,-0.0008842056567369694,-0.1892761545804702,0.17680913675864557,-0.12776726689524243,-1.402384616473244,-0.00014227065096003577,0.6866666666666666,0.4638486343146388,1.0,False,True,0.668074074074074,0.4709045610568479,1.0,False,True,0.986,0.11749042514179611,1.0,False,True,0.3297777777777778,0.47013231654687215,0.0,False,True,0,152000
500.0,0.0,500.0,500,500,500.0,0.0,500.0,500,500,-199.90826,0.0,-199.90826,-199.90826,-199.90826,-157.02643,60.25665,-149.899,-294.50558,-77.55246,154001,2522.7432746887207,0.0058890805,0.0073992675,-22.016691,-21.976599,-21.998566,-0.39981654,0.072675526,-0.38386977,-0.8620275,-0.38386926,-0.3140529,0.16893087,-0.27944964,-1.252999,-0.010382337,0.09671513886973777,0.7796092709376375,2.2880527802638987e-08,-2.339125421954792,1.600241956978731,0.0020920721454702742,0.725676467999542,-1.8088442106692066e-10,-2.3693076605225403,1.7211577773532625,-0.19495279911252578,0.13053126119182792,-0.25146500392067084,-0.8612362144733846,-0.00031868288378317233,-0.1563075663701821,0.13400334735684025,-0.10482307092019744,-1.187185331839482,-6.663554962049734e-05,0.36,0.48000000000000004,0.0,False,True,0.6745925925925926,0.4685268686124596,1.0,False,True,0.0,0.0,0.0,False,False,0.6146666666666667,0.4866739725479015,1.0,False,True,0,154000
500.0,0.0,500.0,500,500,500.0,0.0,500.0,500,500,-230.52213,0.0,-230.52213,-230.52213,-230.52213,-154.2671,76.24202,-134.85953,-304.67856,-44.656807,156001,2555.462262868881,0.005837949,0.0041343593,-20.340511,-20.352104,-20.364296,-0.46104425,0.044687025,-0.47822475,-0.48126024,-0.28355035,-0.30853418,0.17548694,-0.26141092,-1.1219981,-0.055527057,-0.06088926220026168,0.553348194325327,0.0026487191909037233,-1.5868993954017498,1.3641440849720021,-0.006763641750138107,0.7353126738896778,8.776762997238147e-09,-2.3643901425000204,1.717069234265466,-0.24797108643752847,0.10014946460483058,-0.24360945564912478,-0.39151730643830995,-0.0016716165532605354,-0.15564776139975084,0.13330457840999727,-0.13829351150612285,-0.9247342330348625,-8.239345967264722e-05,0.3506666666666667,0.477178745917665,0.0,False,True,0.7553333333333333,0.42988939145888316,1.0,False,True,0.03,0.17058722109231975,0.0,False,True,0.6364444444444445,0.48102277865008314,1.0,False,True,0,156000
500.0,0.0,500.0,500,500,500.0,0.0,500.0,500,500,-77.13843,0.0,-77.13843,-77.13843,-77.13843,-176.03728,55.620037,-182.82928,-254.89607,-71.34421,158001,2599.6757624149323,0.009424073,0.007485728,-21.028603,-20.994709,-20.990593,-0.15427686,0.19905038,-0.114849806,-1.2264062,-0.016420832,-0.35207453,0.16084859,-0.3597171,-1.5527709,-0.043016672,-0.05128677620362205,0.7124225804074484,-6.357150711594395e-10,-1.6236272944021417,1.6699415518828493,-0.02173002304602674,0.7244479243356672,4.49069494429788e-09,-2.357943648243768,1.719120795568973,-0.07804508995822161,0.12267748377966592,-0.06673440277291365,-1.008363551997593,-1.921518478709139e-05,-0.1810078190869504,0.13106900741040117,-0.1718071945854438,-1.3901850201136923,-0.0002800991489753102,0.962,0.19119623427254,1.0,False,True,0.6374814814814814,0.4807274095052799,1.0,False,True,0.938,0.24115555146004827,1.0,False,True,0.4242222222222222,0.4942243704989281,0.0,False,True,0,158000
500.0,0.0,500.0,500,500,500.0,0.0,500.0,500,500,-238.22577,0.0,-238.22577,-238.22577,-238.22577,-134.32921,140.47115,-71.321434,-513.102,-37.79711,160001,2642.9142644405365,0.007885674,0.0077068727,-25.199226,-25.22488,-25.15395,-0.47645155,0.052700777,-0.467507,-0.8584276,-0.4020296,-0.2686584,0.3132399,-0.108905725,-1.4713101,-0.02206056,0.10855280776723025,0.6789229595653883,1.280885784142248e-07,-1.5929791406842815,1.6515014750600845,-0.035576276786364845,0.7586938016953306,-6.109907929335877e-11,-2.380877670349642,1.7273023900430857,-0.23402167995166,0.14774414911268152,-0.15396451587745136,-0.7149781840638492,-0.0005708663101264833,-0.1339250903758951,0.19705225313071603,-0.07166918051973112,-1.279365783632564,-0.00017245096070139798,0.63,0.4828043081829324,1.0,False,True,0.832,0.3738662862575335,1.0,False,True,0.0,0.0,0.0,False,False,0.7411111111111112,0.43802446518289984,1.0,False,True,0,160000
500.0,0.0,500.0,500,500,500.0,0.0,500.0,500,500,-235.5568,0.0,-235.5568,-235.5568,-235.5568,-143.43903,69.63744,-167.38596,-237.49261,-38.764557,162001,2674.8845126628876,0.06539781,0.06352258,-22.022392,-22.008137,-22.065649,-0.4711136,0.08829877,-0.46316618,-0.7823322,-0.35696125,-0.28687808,0.1817609,-0.32821655,-1.2890531,-0.026133684,-0.13953838250899722,0.6222001032272241,0.0004485488961530237,-2.1415376365633225,1.6447333349977744,-0.03222459502774021,0.6968982811810872,3.624014262147178e-08,-2.377457337513751,1.7189238501934279,-0.25002543513111825,0.11861215297126194,-0.22522266668785074,-0.7704240910166171,-0.0023423185228891308,-0.14923024478870078,0.12718366590534444,-0.1087181968711553,-1.1090313408903012,-0.00015620061355114956,0.3873333333333333,0.4871408648658232,0.0,False,True,0.7262222222222222,0.4458962953118578,1.0,False,True,0.0,0.0,0.0,False,False,0.4271111111111111,0.49465868017911424,0.0,False,True,0,162000
500.0,0.0,500.0,500,500,500.0,0.0,500.0,500,500,-181.84401,0.0,-181.84401,-181.84401,-181.84401,-156.12482,107.76623,-145.80243,-432.33698,-60.051125,164001,2706.7347786426544,0.0042509553,0.0032746021,-21.885645,-21.913883,-21.90347,-0.36368802,0.14265466,-0.31777084,-1.1055921,-0.3174847,-0.3122496,0.2595,-0.23575829,-1.5660874,-0.04914318,-0.03854151904913809,0.9025978238597749,-7.842999722737424e-10,-2.3809613074936657,1.7260693356633499,-0.038789902571601975,0.7690717474680994,-4.222995973902942e-10,-2.3774381435787393,1.7217467850044033,-0.17455966855387048,0.14283567335490208,-0.20285649831910987,-1.1007301662230664,-0.003077602099087459,-0.15602800343354234,0.17493414492942455,-0.09479342347143122,-1.3450866408250497,-0.0001715542362393241,0.45666666666666667,0.4981186828680713,0.0,False,True,0.7592592592592593,0.42753319928204425,1.0,False,True,0.0,0.0,0.0,False,False,0.5488888888888889,0.49760413638072776,1.0,False,True,0,164000
500.0,0.0,500.0,500,500,500.0,0.0,500.0,500,500,-86.20954,0.0,-86.20954,-86.20954,-86.20954,-189.88591,101.668564,-178.13507,-425.31613,-59.49798,166001,2738.8425512313843,0.0037256163,0.004743761,-21.632221,-21.651573,-21.608273,-0.17241909,0.1059524,-0.13789822,-0.7744228,-0.094695635,-0.37977186,0.21869798,-0.34910008,-1.599359,-0.030396877,0.044357369537602165,0.47207341035991723,2.051276549127855e-06,-1.6549207955959395,1.6299396199647542,-0.06359574056451195,0.7332881553606931,6.602303363285119e-10,-2.3636956575217494,1.7222927345205132,-0.0847235957630199,0.08045700136499828,-0.05239174442306896,-0.6614821544110953,-0.0005589121389310558,-0.18794636478291296,0.1693949468491325,-0.13524295008761347,-1.4046395393357263,-1.5087970096527847e-05,0.9353333333333333,0.24593675790513483,1.0,False,True,0.6418518518518519,0.4794559960269558,1.0,False,True,0.9,0.3,1.0,False,True,0.21622222222222223,0.41166755135607447,0.0,False,True,0,166000
500.0,0.0,500.0,500,500,500.0,0.0,500.0,500,500,-63.87427,0.0,-63.87427,-63.87427,-63.87427,-170.4239,78.51715,-201.63232,-287.16376,-57.515396,168001,2770.9171681404114,0.006743878,0.0046285456,-22.153595,-22.175238,-22.191444,-0.12774855,0.119377665,-0.10435449,-0.8549469,-0.03116214,-0.34084782,0.19059278,-0.38763082,-1.1825761,-0.06095149,-0.027332722466977145,0.6869307040621899,1.9559101668935448e-08,-1.9327773187257131,1.657976808307188,-0.0412214040210361,0.7825447122976907,-1.6069562416363698e-09,-2.3717311557231673,1.7225360603761986,-0.06284243632233961,0.07900042706213167,-0.0390137802471312,-0.6864345602921489,-0.0004350287283252374,-0.17834887880382863,0.13793461381495756,-0.16496935770775537,-1.1403626699322413,-3.4146705536086674e-05,0.9713333333333334,0.16686787854134444,1.0,False,True,0.6091111111111112,0.4879495521384345,1.0,False,True,0.956,0.20509509989270833,1.0,False,True,0.4177777777777778,0.4931931732828826,0.0,False,True,0,168000
500.0,0.0,500.0,500,500,500.0,0.0,500.0,500,500,-174.74518,0.0,-174.74518,-174.74518,-174.74518,-167.9916,94.091934,-186.22797,-345.14383,-25.872616,170001,2802.904794692993,0.0060177995,0.0063528838,-21.368492,-21.36251,-21.352177,-0.34949034,0.10715092,-0.3254947,-0.9827177,-0.32549468,-0.33598313,0.22059739,-0.33850393,-1.1674936,-0.0047048624,-0.056959838679513895,0.7305396613554768,5.72149708478125e-09,-2.3377336722840565,1.5484924925828307,-0.05831976939417672,0.7360021026586331,-1.418649547471343e-09,-2.380346996927914,1.7271310050832678,-0.19426720247254342,0.08247334680507509,-0.1886853040894497,-0.8217603657556057,-0.11845826187483899,-0.17318604095836593,0.15445351579648187,-0.1342593906301325,-1.1082946632939712,-0.0001814605883335707,0.634,0.4817094560001911,1.0,False,True,0.6031851851851852,0.48923697484787376,1.0,False,True,0.0,0.0,0.0,False,False,0.4197777777777778,0.49352243622932523,0.0,False,True,0,170000
500.0,0.0,500.0,500,500,500.0,0.0,500.0,500,500,-245.78883,0.0,-245.78883,-245.78883,-245.78883,-115.31508,46.86423,-104.32524,-199.89636,-55.017464,172001,2834.75243806839,0.0059975665,0.0061115935,-22.55831,-22.550106,-22.550407,-0.49157766,0.064053856,-0.48110914,-0.9307335,-0.43127987,-0.23063016,0.12361492,-0.19421934,-1.0982091,-0.0513153,-0.030888797911076744,0.6310545107638895,6.054411704516411e-05,-2.081917935883296,1.7350253143723917,0.004938921400944719,0.7168630880908545,3.943805423054461e-08,-2.3821675551133032,1.724883977728021,-0.26118497919809314,0.11704515096172524,-0.25901244638772597,-0.7088984778406608,-0.0011535312946156506,-0.11529056928465266,0.0976305473895818,-0.0935979135131918,-1.0918863897488378,-0.0001316736546115027,0.36333333333333334,0.48095968877050627,0.0,False,True,0.8334814814814815,0.37254543549601615,1.0,False,True,0.0,0.0,0.0,False,False,0.7402222222222222,0.4385125812911384,1.0,False,True,0,172000
500.0,0.0,500.0,500,500,500.0,0.0,500.0,500,500,-71.86091,0.0,-71.86091,-71.86091,-71.86091,-126.97967,58.699673,-127.0942,-219.30176,-30.30957,174001,2866.705268383026,0.0040027415,0.0058166133,-22.67659,-22.721199,-22.662506,-0.14372182,0.08022971,-0.12708975,-0.6350184,-0.103078745,-0.25395936,0.1798661,-0.23210081,-1.5188842,-0.017497888,-0.06903675279006417,0.7147516186786066,2.2065096351662077e-08,-2.327352921065844,1.568540987916138,-0.021748183044002483,0.6727588849030841,7.373076590982772e-09,-2.3749283752319825,1.7257181762466953,-0.07548842202827763,0.057727123971389994,-0.07013729107931854,-0.5352606307565906,-0.0019228413095707109,-0.1228447783178772,0.13111653834382173,-0.07103037111580937,-1.2554748058348508,-0.00024821184307227684,0.9713333333333334,0.16686787854134444,1.0,False,True,0.7595555555555555,0.42735338255388466,1.0,False,True,0.96,0.19595917942265423,1.0,False,True,0.7326666666666667,0.44256776003480214,1.0,False,True,0,174000
500.0,0.0,500.0,500,500,500.0,0.0,500.0,500,500,-83.45185,0.0,-83.45185,-83.45185,-83.45185,-137.86868,80.23524,-108.92234,-308.74048,-31.109089,176001,2898.460249185562,0.0041706795,0.006116557,-23.108635,-23.131866,-23.11742,-0.1669037,0.1125193,-0.13996062,-0.81437004,-0.1289592,-0.27573735,0.19012216,-0.19926946,-1.3363585,-0.03451286,0.12431586889700513,0.5030065179713819,5.716749700448056e-06,-1.3314015832541606,1.658836376231946,0.04796819613945125,0.7595816049866787,3.146900725194634e-08,-2.387817198220189,1.7406228703293558,-0.08563585280411411,0.07856407980297044,-0.06648427698514253,-0.7368201172213982,-0.001460503605801522,-0.13062069719897063,0.14258592453454455,-0.07104728424179287,-1.290075618930366,-2.7199986177284252e-06,0.9573333333333334,0.2021044834292951,1.0,False,True,0.7277037037037037,0.4451415767142134,1.0,False,True,0.948,0.2220270253820467,1.0,False,True,0.6393333333333333,0.4801939423006315,1.0,False,True,0,176000
500.0,0.0,500.0,500,500,500.0,0.0,500.0,500,500,-273.9787,0.0,-273.9787,-273.9787,-273.9787,-86.59355,54.834057,-74.50244,-215.49481,-20.04076,178001,2930.3732817173004,0.004209698,0.004915096,-23.106258,-23.1081,-23.112923,-0.5479574,0.022867247,-0.55405474,-0.55891114,-0.39441815,-0.17318712,0.15988879,-0.14028749,-1.2984964,-0.006427285,-0.159952859038524,0.6977144956214962,-5.22710041963746e-06,-2.332055483937908,1.7296879568735286,0.030140743673156334,0.6718261779397264,2.3526040097379495e-08,-2.345166535033363,1.720715475102977,-0.27407729179737883,0.15856131997519732,-0.2608328556178819,-0.4815706609591399,-0.008565761964998475,-0.08395203900196993,0.10710487338842217,-0.050887017311470634,-1.2412060824083135,-6.61777323815449e-06,0.3273333333333333,0.4692400475473319,0.0,False,True,0.8705185185185185,0.33573207686314727,1.0,False,True,0.0,0.0,0.0,False,False,0.8524444444444444,0.35465886930999896,1.0,False,True,0,178000
500.0,0.0,500.0,500,500,500.0,0.0,500.0,500,500,-143.1272,0.0,-143.1272,-143.1272,-143.1272,-165.13881,110.98549,-141.23398,-365.22952,-35.17683,180001,2962.180677652359,0.005219077,0.004576845,-22.799866,-22.77276,-22.772758,-0.2862544,0.05375531,-0.2717477,-0.6716242,-0.27021506,-0.3302776,0.23452054,-0.28457162,-1.3720214,-0.05401898,-0.040004186041296956,0.7804201986188022,0.027721808384170096,-2.3583534033784543,1.6339650892938926,0.007962993860052097,0.7271902286621071,4.5912728332967356e-08,-2.383323130934712,1.747938862223903,-0.13353094889081785,0.1022083887655412,-0.0925630127624619,-0.47395072549430783,-0.007139115382302996,-0.16579755741425975,0.16494108020505033,-0.0947817714829704,-1.1862099358127014,-0.00015136442415916718,0.65,0.47696960070847283,1.0,False,True,0.727037037037037,0.4454819680003255,1.0,False,True,0.882,0.32260812141048156,1.0,False,True,0.5402222222222223,0.49837954697148856,1.0,False,True,0,180000
500.0,0.0,500.0,500,500,500.0,0.0,500.0,500,500,-178.96835,0.0,-178.96835,-178.96835,-178.96835,-147.89455,76.09228,-150.20616,-270.1883,-61.95683,182001,2994.0005552768707,0.0057089203,0.006123526,-22.847973,-22.788116,-22.851673,-0.3579367,0.0517886,-0.34235716,-0.69872516,-0.34209478,-0.29578906,0.18813223,-0.2778739,-1.3919841,-0.024911577,-0.12198350211568629,0.5512913802462587,-1.6134734532516425e-07,-1.720146052360795,1.7336376439482362,-0.009550060267930654,0.751770009328231,5.941013058575809e-11,-2.391120293230608,1.7305393998189627,-0.1933405838553356,0.07886488971784587,-0.1836663808254777,-0.6498243405601106,-0.0012225709643002292,-0.14434302017466363,0.1418687134027834,-0.10970734926488186,-1.276998935006281,-1.8627042050023412e-05,0.642,0.47941214002150595,1.0,False,True,0.7905925925925926,0.40688566591895997,1.0,False,True,0.0,0.0,0.0,False,False,0.5326666666666666,0.498931747725968,1.0,False,True,0,182000
500.0,0.0,500.0,500,500,500.0,0.0,500.0,500,500,-85.6158,0.0,-85.6158,-85.6158,-85.6158,-197.37263,119.99434,-170.57236,-431.2221,-65.92553,184001,3025.810452222824,0.0071556997,0.0069169286,-24.523045,-24.530191,-24.504906,-0.1712316,0.088482946,-0.1467903,-0.72903675,-0.14367524,-0.3947453,0.2544221,-0.32725337,-1.6245911,-0.06354863,0.147763507456633,0.8430993509445157,4.083064366755302e-09,-2.339695468364122,1.7451752185782792,-0.012383870818141369,0.7230384956828665,-2.779468997924145e-10,-2.3782375182544024,1.7379728704266058,-0.08918193780535093,0.06655634474437251,-0.05445931080205768,-0.5069459922554631,-8.592087851339025e-05,-0.20782293464819243,0.17414869176289113,-0.17702673919598996,-1.3908025780273694,-0.0001582604149024669,0.944,0.2299217258111986,1.0,False,True,0.5836296296296296,0.4929564737864906,1.0,False,True,0.928,0.25848791074245614,1.0,False,True,0.4335555555555556,0.4955654707528251,0.0,False,True,0,184000
500.0,0.0,500.0,500,500,500.0,0.0,500.0,500,500,-330.98215,0.0,-330.98215,-330.98215,-330.98215,-197.66785,123.60212,-144.79276,-444.94592,-57.51906,186001,3057.6825354099274,0.007739587,0.006238542,-23.912033,-23.942692,-23.933527,-0.6619643,0.06810894,-0.6486794,-1.1645381,-0.64866817,-0.39533573,0.26803318,-0.27253652,-1.5160307,-0.039425813,0.06454563281503108,0.8687739390936277,4.28751296438786e-11,-2.354213451188256,1.757356178182984,0.002859875000795508,0.7375090082844934,6.787349845449293e-09,-2.366338178128743,1.755901565966476,-0.35193581156910414,0.15412019393653945,-0.3869681860708853,-1.0259366697404069,-0.01881329146726607,-0.19756226410408495,0.1923881057728905,-0.12634552515889677,-1.3435632836280065,-5.5581817212102536e-06,0.3333333333333333,0.4714045207910317,0.0,False,True,0.6138518518518519,0.48686523374533935,1.0,False,True,0.0,0.0,0.0,False,False,0.5255555555555556,0.4993464865003527,1.0,False,True,0,186000
500.0,0.0,500.0,500,500,500.0,0.0,500.0,500,500,-407.22388,0.0,-407.22388,-407.22388,-407.22388,-173.9596,88.65,-162.82098,-342.10294,-40.583717,188001,3089.574210882187,0.005639342,0.006000573,-23.285686,-23.302732,-23.310022,-0.81444776,0.11422257,-0.78846097,-1.5292827,-0.7800524,-0.34791923,0.20890176,-0.27485028,-1.444911,-0.00926379,-0.05292580357386106,0.8908799893835336,-1.1156618500125182e-09,-2.362353788050906,1.754476968409589,-0.0003931209679406606,0.8098344769456574,2.2952340999641672e-10,-2.38042372094179,1.7432585283010154,-0.45385096502184386,0.13955884740226313,-0.4016307913936194,-1.2831618695480236,-0.30843089604956425,-0.17001862773431728,0.16121281678968474,-0.12389337222787544,-1.3318030005767172,-5.361341893032889e-05,0.0,0.0,0.0,False,False,0.6277037037037037,0.48341676021871305,1.0,False,True,0.0,0.0,0.0,False,False,0.5413333333333333,0.4982886267571793,1.0,False,True,0,188000
500.0,0.0,500.0,500,500,500.0,0.0,500.0,500,500,-42.98866,0.0,-42.98866,-42.98866,-42.98866,-147.67166,106.69909,-125.60126,-394.5741,-29.618973,190001,3121.4416387081146,0.0066348715,0.009148011,-23.228281,-23.202929,-23.252373,-0.085977316,0.08187317,-0.05874815,-0.4958716,-0.050905112,-0.29534325,0.23796989,-0.19862527,-1.3170847,-0.024002561,-0.06470996192014092,0.5547653908450785,-0.0074262385040268185,-2.036413495690721,1.7490303107604408,0.0005707647933393395,0.7360438671327054,2.4023028179661664e-09,-2.3974966685272885,1.7681896443956855,-0.04300414853199811,0.05337678667531867,-0.03136814092082951,-0.3451144679039056,-0.00015720934804425157,-0.1505620541151087,0.15900788862164852,-0.09191059674191389,-1.2385533647634204,-7.121055332248716e-05,0.9613333333333334,0.19279926233146108,1.0,False,True,0.7591851851851852,0.42757810956656944,1.0,False,True,0.944,0.22992172581119863,1.0,False,True,0.5831111111111111,0.49304415949271374,1.0,False,True,0,190000
500.0,0.0,500.0,500,500,500.0,0.0,500.0,500,500,-121.63924,0.0,-121.63924,-121.63924,-121.63924,-186.44638,138.47414,-116.518974,-479.07654,-67.43211,192001,3153.2158205509186,0.006112731,0.005333456,-21.481304,-21.443424,-21.457018,-0.24327847,0.066900894,-0.2270866,-0.70178705,-0.22493151,-0.3728928,0.29551557,-0.22102873,-1.589068,-0.056438733,0.159736018686235,0.7883466831580062,0.004879688143739173,-2.3524351776161936,1.612904140955378,-0.044711920757078,0.7469301683955957,5.168663873168572e-10,-2.3745662608641207,1.7680450198382198,-0.1153127170974158,0.08901137065070834,-0.10104432071938826,-0.5997901383304552,-0.010158103052477663,-0.18565890442453106,0.20246052033912135,-0.09876410614313155,-1.3842980280961488,-8.682969293904996e-06,0.6606666666666666,0.4734830749057692,1.0,False,True,0.7534074074074074,0.4310274769328009,1.0,False,True,0.96,0.19595917942265423,1.0,False,True,0.6326666666666667,0.48207837076097454,1.0,False,True,0,192000
500.0,0.0,500.0,500,500,500.0,0.0,500.0,500,500,-179.64667,0.0,-179.64667,-179.64667,-179.64667,-160.1477,116.75899,-130.8902,-454.8531,-54.29138,194001,3184.946155309677,0.0084278155,0.0053780684,-22.370464,-22.372538,-22.390837,-0.35929334,0.039347723,-0.350224,-0.57248354,-0.33205688,-0.32029542,0.27985358,-0.23944947,-1.5188049,-0.037113704,-0.04005684389295004,0.7001255352923116,5.158548774897577e-09,-1.8123980378184132,1.7315648007454139,-0.044276028102920695,0.7986294166661003,-3.418426520496818e-08,-2.3954728451097798,1.7539143749459654,-0.18988571519313469,0.08654512286527787,-0.18349221580693562,-0.4542836612830279,-0.012059217624335594,-0.16148954985437303,0.18499598874099876,-0.11085515105272759,-1.3146678489332495,-3.5027492205630395e-06,0.6433333333333333,0.4790151934495977,1.0,False,True,0.7168148148148148,0.45054559822155354,1.0,False,True,0.0,0.0,0.0,False,False,0.7064444444444444,0.4553907018791937,1.0,False,True,0,194000
500.0,0.0,500.0,500,500,500.0,0.0,500.0,500,500,-229.18127,0.0,-229.18127,-229.18127,-229.18127,-158.26604,119.50335,-101.11955,-391.81122,-45.651062,196001,3216.8160614967346,0.0065341815,0.01006505,-23.97703,-23.909136,-23.972174,-0.45836255,0.1906075,-0.39647233,-1.3848058,-0.39635348,-0.31653202,0.26261836,-0.17519921,-1.3134586,-0.043601003,-0.03589360368501736,0.9566359799868391,-2.8011432915733696e-08,-2.4004210423476606,1.7224636079301194,0.0580085901998007,0.7532347762523481,5.27811570841334e-08,-2.3811218007790966,1.7494165935550525,-0.23753705516294285,0.16037027598831144,-0.1886056586645638,-1.382487817121575,-0.0002970140885111272,-0.16427293237026225,0.17146831759529768,-0.10020646152880046,-1.1782189498631437,-1.627017475319681e-05,0.6313333333333333,0.48244331848990885,1.0,False,True,0.7088148148148148,0.4543086760274941,1.0,False,True,0.0,0.0,0.0,False,False,0.5868888888888889,0.49239244611148764,1.0,False,True,0,196000
500.0,0.0,500.0,500,500,500.0,0.0,500.0,500,500,-259.1393,0.0,-259.1393,-259.1393,-259.1393,-158.74416,63.737835,-155.12125,-252.16592,-61.74707,198001,3248.58301281929,0.0105373645,0.020543983,-23.820076,-23.821533,-23.77098,-0.5182786,0.10950682,-0.49034885,-1.195211,-0.49034882,-0.3174883,0.18872541,-0.2821082,-1.0388587,-0.063909106,0.06259174437339575,0.9025613312564216,6.873891575120204e-10,-2.342489120548856,1.729782747988744,0.033697966338122526,0.7824689961612449,1.7172242733979983e-08,-2.334236880150431,1.7954690994640816,-0.2671298933705779,0.14891758922661982,-0.3244943293163227,-1.0524061273449876,-0.0036164011366725535,-0.162629125681949,0.13792681497410123,-0.1253831054051373,-1.0281491230768256,-3.4404587727840386e-05,0.3333333333333333,0.4714045207910317,0.0,False,True,0.7583703703703704,0.42807096574595865,1.0,False,True,0.0,0.0,0.0,False,False,0.5406666666666666,0.498343478157608,1.0,False,True,0,198000
500.0,0.0,500.0,500,500,500.0,0.0,500.0,500,500,-131.87585,0.0,-131.87585,-131.87585,-131.87585,-178.85829,92.25177,-181.28401,-358.95215,-61.350887,200001,3300.07559800148,0.011324218,0.013169494,-24.084955,-24.066462,-24.078287,-0.26375172,0.1576948,-0.20633863,-0.8528812,-0.07247809,-0.3577166,0.24594317,-0.35445255,-1.4028423,-0.016039053,0.09048271031501948,0.5885970373592967,0.06347084195493305,-1.6156093442378068,1.7252332664221226,-0.061927989266886974,0.7615198785711269,-2.2304266420102995e-08,-2.378276011966186,1.757102569060885,-0.12877369048491502,0.12204456160717957,-0.1016366107452063,-0.7338988427830604,-2.705889094359315e-05,-0.16146461026764142,0.19169136150464977,-0.08645269844313797,-1.3703388575207902,-7.866658603222776e-05,0.8273333333333334,0.3779588454962906,1.0,False,True,0.7185925925925926,0.44968575523764237,1.0,False,True,0.638,0.4805788176771839,1.0,False,True,0.41644444444444445,0.4929690346622214,0.0,False,True,0,200000
